2014/02/07,-1.224,-0.24196,-0.067728,1.1912,-0.28432,0.8232,0.0099,-0.0045,0.009,0.28681,0.32369,-0.00074776
2014/02/10,2.3573,0.02344,-0.015118,1.295,-0.20177,0.22431,0.0235,-0.003,0.0056,-0.18462,0.41903,-0.0068884
2014/02/11,3.0979,0.16795,-0.094935,1.2508,-0.29504,0.83647,0.005,0.0042,0.0014,-0.010392,0.40384,0.0081199
2014/02/12,1.0909,0.22496,-0.056776,0.67654,-0.20081,0.48107,0.0065,-0.005,0.0086,0.1536,0.20269,0.0013054
2014/02/13,-0.36058,0.24034,-0.040885,1.0193,-0.13727,-0.1906,-0.0103,0.0043,-0.0063,0.019141,-0.050209,-0.00032061
2014/02/14,0.59952,0.072049,-0.08749,1.2078,-0.34035,1.2188,0.0119,-0.002,0.0079,-0.087313,0.19798,0.0016671
2014/02/17,2.2919,-0.072233,-0.063589,1.7434,-0.38086,0.51949,0.0136,-0.0027,0.0118,-0.010672,-0.30615,0.58623
2014/02/18,-0.95352,0.079564,0.068226,1.017,-0.34286,1.0454,-0.0064,-0.0007,0.0089,0.011165,-0.21873,0.022278
2014/02/19,-1.6509,0.30529,0.17691,-0.14695,0.34356,1.1806,0.0074,0.0022,-0.0077,-0.44181,0.26856,-0.0046736
2014/02/20,-0.48135,0.051024,0.053252,-0.044251,0.38185,0.65845,-0.0074,0.0146,-0.0171,0.080406,0.48068,-0.0030805
2014/02/21,-1.9185,-0.32624,-0.11316,0.69392,-0.5925,0.21497,-0.0091,-0.0082,0.0099,-0.0054608,-0.16964,0.027987
2014/02/24,-2.5393,-0.025529,0.07666,0.96656,-0.11992,-0.43544,-0.0113,-0.0078,0.0229,0.25755,0.0021408,-0.010637
2014/02/25,-3.6675,0.1998,0.17809,0.69545,0.096102,-0.10351,-0.0288,0.0098,-0.0158,0.32303,0.18095,0.15888
2014/02/26,-1.861,0.15061,0.17654,0.94396,-0.13777,0.3041,0.004,0.0001,0.0038,0.24667,0.030112,0.013401
2014/02/27,0.38071,0.11981,0.074012,0.64947,0.1661,-0.25809,-0.0053,0.0173,-0.01,-0.22845,0.1187,0.00096093
2014/02/28,1.3906,-0.2794,0.097903,1.1483,0.045092,-0.18498,0.0082,-0.005,0.002,0.25001,-0.0001248,0.036047
2014/03/03,2.0228,-0.20753,0.10474,0.98281,-0.23487,0.50861,0.0125,-0.0018,0.0085,0.2696,0.080563,0.0068823
2014/03/04,0.37406,0.07114,-0.056814,-0.0020122,-0.41769,1.1381,-0.0025,0.0041,0.0059,0.23137,0.15808,0.00054581
2014/03/05,-0.37175,0.32184,-0.079654,0.11924,-0.30104,0.85841,-0.0068,-0.0032,0.0066,0.12716,-0.19989,-0.0027808
2014/03/06,-0.24845,0.088401,-0.056505,0.14158,0.10629,0.82445,0.0026,0.0066,0.0011,0.027669,0.19971,-0.001197
2014/03/07,0.12438,-0.5112,-0.032725,0.40479,0.53518,-0.33682,-0.0019,-0.0008,-0.0032,0.083488,-0.42919,-0.0018447
2014/03/10,-2.2416,0.095619,-0.03144,0.181,0.33279,-0.3717,-0.0319,0,-0.009,0.079767,0.10958,0.0047212
2014/03/11,-1.6149,0.82492,-0.087574,-0.22486,-0.20646,0.001125,0.0006,-0.0016,-0.0038,0.10985,0.14215,0.0042177
2014/03/12,1.4013,0.57069,-0.010084,0.27474,-0.11044,0.060968,-0.0018,-0.0076,0.0007,-0.032314,0.074149,0.0014278
2014/03/13,1.7677,0.014135,0.1452,0.68483,-0.0077439,0.37679,0.0125,-0.0054,0.0007,0.0048586,-0.057816,0.0031396
2014/03/14,0.37688,-0.16652,0.068593,0.43076,-0.23195,0.31084,-0.0063,-0.001,0.0043,-0.0034549,0.27491,-0.00022817
2014/03/17,-0.24814,-0.12134,-0.011842,0.66551,-0.31658,0.78924,0.0143,-0.0014,0.0086,-0.16342,-0.056864,0.002235
2014/03/18,0.62578,0.11943,0.041808,0.65235,-0.55416,0.77492,0.0016,-0.0022,0.0062,0.37057,0.3284,0.0011637
2014/03/19,-0.99502,0.27994,0.094427,0.96947,-0.27262,-0.37012,-0.0032,0.009,0.0073,0.31083,-0.10932,-0.001017
2014/03/20,-1.99,0.40078,0.045146,0.27882,0.083427,-0.46231,-0.0197,0.0066,-0.0086,-0.10856,0.096358,-0.01777
2014/03/21,0.8794,0.27527,0.091217,0.67836,-0.094566,0.24844,0.0245,0.0057,-0.0064,-0.13431,-0.088332,0.013239
2014/03/24,2.665,-0.044446,0.17379,0.70941,0.1045,0.2851,0.006,0.0077,-0.0029,-0.075372,0.73637,0.0069463
2014/03/25,0.62267,-0.079648,0.028094,0.24782,0.14959,0.76626,-0.0007,0.0061,-0.0009,0.035057,0.9069,-0.00066408
2014/03/26,-0.49444,0.14408,-0.096816,0.34551,-0.1467,0.2397,0.0007,-0.0042,0.0074,-0.049671,0.71121,-0.0091518
2014/03/27,-0.9901,0.38466,0.17722,0.12566,0.28661,-0.08218,-0.0133,0.0046,-0.006,0.35993,-0.086177,-0.002859
2014/03/28,-1.2422,0.36736,0.29424,0.029036,0.53598,-0.53223,-0.0102,0.0102,-0.0187,0.39188,0.62455,-0.0075768
2014/03/31,-0.875,-0.058912,0.0097507,0.84503,0.012639,-1.219,-0.0044,-0.0026,-0.0051,0.061563,-0.48067,-0.012536
2014/04/01,0.75472,0.18572,-0.049116,0.98311,0.0059487,-0.20256,0.0108,-0.0046,0.0076,0.1893,0.25779,0.00074589
2014/04/02,1.6393,0.17864,0.012994,0.64142,0.072924,-0.0050308,0.0028,0.0063,-0.0087,-0.06043,0.099786,0.091822
2014/04/03,0.24969,-0.25222,-0.084645,0.36413,-0.051211,0.25169,-0.0048,-0.005,0.0085,-0.12706,0.028845,-0.0028872
2014/04/04,0.24814,0.1389,0.002416,0.22793,0.13919,0.7821,0.0093,-0.003,0.0043,-0.034046,-0.20495,0.0021426
2014/04/08,2.2416,0.017464,0.054021,0.31835,0.10491,0.58982,0.016,-0.001,-0.0059,0.021489,-0.036257,0.0058412
2014/04/09,1.9802,-0.17379,0.074556,0.40231,0.29394,0.71939,0.0055,-0.0003,0.0056,0.053612,0.18392,0.0032784
2014/04/10,1.218,0.16253,0.10146,0.65143,0.35933,0.77199,0.0105,0.0027,-0.0055,0.10474,0.097319,0.0033819
2014/04/11,0.97087,0.19629,-0.0032233,1.0817,-0.15161,0.48983,-0.003,-0.0034,-0.0007,-0.0015811,-0.0070505,0.00093793
2014/04/14,0.24067,-0.31259,0.0071129,0.88795,-0.27664,0.31974,0.0024,-0.0032,0.0067,-0.17811,0.11767,0.0010458
2014/04/15,-1.4423,-0.1572,0.084836,1.363,0.014146,0.18755,-0.0124,-0.002,0.0061,-0.22951,-0.55932,-0.00233
2014/04/16,-1.4406,-0.067415,0.090493,0.485,0.021041,0.38861,0.0006,0.0015,0.0029,0.01436,0.35477,-0.00043018
2014/04/17,-0.2439,-0.2116,0.04772,-0.15466,-0.13285,0.85944,-0.0017,-0.0001,0.0019,-0.26326,-0.1772,0.0016184
2014/04/18,-0.48721,-0.18157,0.042329,0.67121,0.10827,-0.30349,0.0007,-0.0026,0.0041,-0.13699,0.24521,-0.0014719
2014/04/21,-1.7115,0.11202,0.17285,0.60232,0.26993,0.034022,-0.0153,0.0013,-0.0027,0.00083704,-0.081291,-0.0011859
2014/04/22,-1.3464,0.34573,0.11919,-0.14951,0.041557,0.16636,-0.0011,0.0065,-0.0082,-0.095684,0.25918,-0.003678
2014/04/23,0.49751,0.31364,0.043745,-0.1739,0.24516,0.2097,-0.0025,-0.0001,-0.002,-0.2933,0.44582,0.0015267
2014/04/24,-0.24814,0.22804,0.032755,0.48919,0.60926,-0.37762,-0.0062,0.0028,-0.0049,-0.23341,-0.14878,0.0071861
2014/04/25,-1.9802,0.52043,0.075601,0.16968,0.65919,-0.94196,-0.0143,0.0046,-0.0047,-0.32287,0.42653,-0.010733
2014/04/28,-3.607,-0.085903,0.21969,0.34427,0.30466,-1.0991,-0.022,0.0037,-0.0155,-0.085371,-0.20961,0.00090959
2014/04/29,-0.75758,-0.45576,0.06057,0.50985,-0.043684,0.036548,0.0103,-0.0032,0.0044,0.12327,0.7474,0.041825
2014/04/30,2.0645,-0.40298,0.1047,0.3199,-0.35756,0.51935,0.0047,-0.0046,0.0069,0.075083,-0.513,0.0063378
2014/05/05,1.145,-0.43496,0.0044739,0.82655,-0.27462,0.21801,0.0039,-0.0023,0.0099,-0.13112,0.18533,0.0062405
2014/05/06,0.88496,-0.010088,0.0021888,0.75802,0.033603,-0.35054,0.0028,-0.0031,0.0037,-0.020839,0.077846,0.0036678
2014/05/07,-0.50314,0.22267,0.10357,0.67523,-0.11707,-0.27934,-0.012,0.003,-0.0059,0.060345,0.074903,0.0037389
2014/05/08,-0.87719,0.0726,0.087084,0.22837,-0.12749,0.086699,0.0009,0.0028,0,0.14337,-0.45029,0.00031588
2014/05/09,-0.37927,-0.20417,-0.0039496,0.64376,-0.048755,-0.3044,-0.0047,0.0008,-0.0058,-0.047676,0.2734,-0.0051892
2014/05/12,1.2642,-0.073032,0.023482,1.0403,-0.16357,-0.17439,0.0223,-0.0001,0.0005,-0.11187,-0.14534,-0.0031219
2014/05/13,1.6497,0.15249,-0.045051,0.25536,-0.0060684,0.81194,-0.0012,0.0022,0.0011,-0.049722,-0.095811,0.00074634
2014/05/14,0,0.041207,-0.025486,-0.14381,0.30398,0.21462,-0.0004,0.002,0.0009,-0.066065,0.076998,-0.00011824
2014/05/15,-0.99875,0.16182,0.20507,-0.49904,0.22704,0.3597,-0.0144,0.0025,-0.0036,-0.13178,0.045913,0.00023645
2014/05/16,-0.74906,0.14133,0.14665,-0.19736,-0.32846,0.10272,-0.0008,0.004,0.0003,0.052776,0.075967,0.0016435
2014/05/19,-0.37831,-0.13677,0.04094,0.10346,-0.22519,-0.36624,-0.0089,0.0001,0.0065,0.28232,0.0049534,0.0020656
2014/05/20,-0.50314,-0.00082835,-0.0012975,0.15458,-0.052113,-0.15982,0.0025,0.0001,0.0046,0.24082,-0.064107,0.0011796
2014/05/21,1.0127,-0.011841,-0.075121,0.37889,0.041422,0.32508,0.0091,-0.0013,0.0003,0.18687,-0.0021091,0.00095547
2014/05/22,0.63211,-0.093322,-0.10022,0.66539,0.13338,0.24936,-0.0009,-0.0015,0.0031,0.047869,0.18903,-0.0032498
2014/05/23,0.37594,-0.073714,-0.03519,0.7443,-0.073945,0.54734,0.0089,-0.0016,0.0026,-0.078255,0.55544,0.00026701
2014/05/26,1.2563,0.12628,0.088319,0.95778,-0.15162,0.59929,0.0069,-0.0053,0.0078,-0.13319,-0.26705,0.003929
2014/05/27,0.24969,0.19802,0.04587,0.66693,0.013551,0.50972,-0.0038,0.0011,0.0016,0.01342,-0.16296,-0.0070876
2014/05/28,0.24814,-0.023458,0.078833,0.0041885,0.28973,0.070773,0.0103,-0.0028,0.0021,0.017038,0.89585,-0.0009414
2014/05/29,-0.3736,0.092994,0.12631,-0.2214,0.24547,0.34513,-0.0079,0.0024,-0.0069,-0.018771,0.48273,-0.0036365
2014/05/30,-0.74257,0.048607,0.012861,-0.031986,-0.0047934,0.51372,0.0008,-0.0031,0.0019,0.25639,-0.29975,0.0015718
2014/06/03,-0.125,-0.27204,0.008483,0.58297,0.064409,0.10846,-0.0002,0.0019,-0.0002,-0.1166,0.90304,0.0027567
2014/06/04,-1.3716,-0.14768,-0.0077796,0.47901,0.17184,0.019555,-0.0076,0.0024,0.0023,-0.076171,0.74678,1.6527e-06
2014/06/05,0,0.048387,0.021697,0.20991,-0.030952,0.25831,0.0114,-0.0034,0.0038,-0.11861,-0.11357,0.0041031
2014/06/06,0.88496,0.15807,0.037335,0.4128,0.065338,0.25732,-0.0047,-0.0015,0.0022,-0.032891,-0.40299,0.0134
2014/06/09,-0.50063,0.23676,-0.030952,0.56134,0.22159,-0.14153,-0.0024,0.0031,-0.0016,-0.10475,0.086947,-0.0039566
2014/06/10,0.87719,-0.0096811,-0.043311,0.24163,-0.054992,0.79961,0.0125,-0.0027,0.0016,-0.12769,-0.03893,-0.003578
2014/06/11,1.6352,-0.058794,0.032682,0.7365,-0.046863,0.54949,0.0026,-0.0026,0.0029,-0.059167,0.12942,0.0035637
2014/06/12,0,-0.059714,0.055287,0.61731,0.037411,0.64242,-0.002,-0.0031,0.0022,0.057199,0.12043,0.0044225
2014/06/13,0.37129,0.070854,0.013806,0.4984,0.071596,0.79353,0.0109,-0.001,0.0031,0.12502,0.23177,-0.0029123
2014/06/16,1.2422,-0.082675,0.11515,0.63178,0.11318,0.65717,0.0076,0.0022,-0.0003,0.17771,-0.19892,0.0089735
2014/06/17,-0.49322,0.026572,0.20326,1.064,0.20001,0.548,-0.0096,0.0013,0.0004,0.07961,-0.44473,-0.0011929
2014/06/18,-1.3497,0.07655,0.18147,0.49588,0.53019,0.040376,-0.0061,-0.0018,-0.005,0.019208,0.17366,-0.0023707
2014/06/19,-1.8587,-0.048048,-0.05665,0.36888,0.12902,-0.76312,-0.0205,0.0044,-0.0109,-0.038339,0.20397,-0.0018108
2014/06/20,-0.99502,-0.063931,-0.050862,0.50741,-0.30588,0.41535,0.0077,-0.0006,0.0068,-0.28051,-0.062346,0.013917
2014/06/23,0.88384,0.031908,0.098915,0.32943,-0.22023,0.37318,0.0037,-0.0056,0.0095,-0.21067,-0.0065444,0.004731
2014/06/24,0.8794,0.09288,0.10612,0.13557,-0.11469,0.45072,0.0063,-0.001,0.003,0.13995,-0.25996,0.0047441
2014/06/25,-0.12516,0.042786,-0.024713,0.64867,-0.21231,0.21539,-0.0037,0.0021,-0.0015,-0.018613,0.48843,0.001201
2014/06/26,0.24907,0.12623,0.012386,1.1855,-0.32717,0.50474,0.0102,-0.0015,0.008,0.062297,-0.043061,0.0023756
2014/06/27,1.5038,0.13359,-0.067425,0.39518,-0.27014,0.88605,0.0036,0.0024,0.0044,0.21736,0.73064,0.0053646
2014/06/30,1.3665,-0.029781,-0.098391,0.17011,-0.33301,1.0734,0.0074,-0.0015,0.0045,0.13655,0.75921,0.0060437
2014/07/01,1.1111,-0.083751,-0.083397,0.56284,-0.32598,1.1569,0.0024,-0.0059,0.0051,0.15339,0.75831,0.0037472
2014/07/02,0.73529,0.056849,-0.028553,0.72502,-0.014372,1.1665,0.0049,-0.0003,0.0015,-0.070798,0.21643,0.0035101
2014/07/03,1.0989,0.20748,0.049152,0.51555,0.040906,1.0868,0.006,-0.0012,-0.0009,-0.13121,-0.42953,-0.0025278
2014/07/04,0.48662,0.55489,0.087192,0.71732,-0.27382,0.40715,-0.001,-0.0003,0.0037,-0.1005,-0.018553,-0.0027169
2014/07/07,-0.60386,0.31663,0.036339,1.0825,-0.35976,0.17251,-0.0003,0.0041,0.0029,-0.075178,-0.037814,0.0013764
2014/07/08,0,0.27007,0.034535,1.3924,-0.027413,0.12579,0.0044,-0.0019,0.0038,-0.060068,-0.93525,0.0037079
2014/07/09,-0.72904,0.38586,0.056201,0.92505,-0.37705,0.30736,-0.0144,0.004,-0.0018,0.2015,0.89363,0.0030628
2014/07/10,-1.0896,0.17816,0.033142,0.62039,-0.50606,0.46654,-0.0003,0.0097,0.0068,0.07894,0.76839,-0.0010701
2014/07/11,0.612,0.40329,-0.068486,0.36068,-0.28617,0.62811,0.0064,0.0023,0.0017,-0.23653,0.74333,0.0028716
2014/07/14,1.836,0.4506,0.053272,0.54059,0.0083854,0.027576,0.0116,0.0024,0.0026,-0.10261,0.15727,0.0044527
2014/07/15,1.4599,0.49923,0.15203,0.2706,0.36505,0.53814,-0.0005,0.0047,-0.0026,0.054898,-0.48883,0.00094363
2014/07/16,0.48077,0.29704,-0.041847,0.020159,0.18464,0.39457,-0.0052,0.0116,-0.0045,0.063088,0.39591,0.0034891
2014/07/17,-0.1199,0.31692,-0.17442,-0.2845,-0.21367,0.37915,-0.0053,0.0027,0.004,0.25581,-0.035948,0.005016
2014/07/18,0,0.26849,0.067745,0.26715,0.25464,0.52467,0.0025,0.0021,-0.0019,0.15806,0.60131,0.0017771
2014/07/21,0.12005,-0.12116,0.037264,0.90771,0.41821,0.13932,-0.002,-0.0034,-0.0039,0.10362,0.0016098,-0.0048511
2014/07/22,1.0766,0.18751,0.063478,0.7182,0.2177,0.055121,0.0119,0.001,0.0005,0.16206,-0.26163,-0.0037677
2014/07/23,1.4388,0.77116,0.15817,0.54794,0.3471,0.10492,-0.0035,0.0127,-0.0067,-0.015422,0.46722,-0.0022716
2014/07/24,1.4201,0.41692,0.027951,0.67008,0.25065,-0.27775,0.0076,0.0152,-0.0103,-0.071225,0.23681,-0.00068013
2014/07/25,2.3641,-0.055729,-0.0019202,0.57969,0.10747,0.60926,0.0104,0.0005,-0.0007,0.12261,-0.52548,-0.0014795
2014/07/28,3.0338,-0.16841,-0.015837,1.4196,-0.0099232,0.23376,0.0236,-0.0029,-0.0021,0.16208,0.19295,0.0049758
2014/07/29,2.3095,-0.48573,0.040978,1.0747,-0.009582,0.61417,0.0058,-0.0098,0.0056,0.025953,0.63264,0.0026342
2014/07/30,0.2265,-0.34038,0.059937,0.27433,-0.00050536,0.92728,0.0016,-0.0057,0.0034,-0.10035,0.33125,0.0013533
2014/07/31,0.79007,0.16872,0.021248,0.447,0.2754,0.61805,0.0092,0.0001,0.0004,-0.16483,0.0094718,0.0045694
2014/08/01,0.22599,0.2394,0.079185,0.88303,0.2977,0.2004,-0.0089,0.0007,-0.0018,-0.13158,-0.15254,0.002223
2014/08/04,0.78387,0.037245,0.0025462,0.41583,-0.19038,0.78476,0.0168,0.0065,0.0013,-0.01675,0.090433,0.01119
2014/08/05,1.9166,-0.31403,0.078064,0.10938,-0.20472,1.1093,0.0018,-0.0043,0.005,-0.006714,0.18652,0.0056268
2014/08/06,0.77778,-0.53205,0.057404,0.37173,-0.0090177,0.75508,0.0011,-0.0009,0.0018,-0.14476,-0.052218,-0.037028
2014/08/07,-0.66372,-0.34286,0.0098173,0.53256,0.025284,0.44396,-0.0124,-0.0061,0.0033,0.019967,0.31088,0.0020833
2014/08/08,-0.88203,-0.06081,0.055561,0.49917,0.049801,0.7367,0.0049,-0.0048,0.0046,0.063324,-0.14422,-2.7973e-06
2014/08/11,1.1136,-0.11146,-0.028831,0.96187,-0.058024,1.0487,0.0147,0.0006,0.0011,-0.0058668,-0.11412,-3.7675e-05
2014/08/12,1.1123,-0.074448,0.069589,1.4497,0.05753,0.92006,0.0003,-0.0031,0.0051,-0.078423,0.10066,-0.00056726
2014/08/13,0.22026,-0.1196,0.089796,1.2254,0.003032,0.40704,0.0002,0.0008,0.0041,-0.22755,0.21379,0.00096116
2014/08/14,-0.44004,0.0023626,-0.017102,1.0697,-0.026966,0.15907,-0.0072,-0.0021,0.0051,-0.028744,-0.32792,0.00052742
2014/08/15,0.10989,0.060986,-0.0082267,0.65417,-0.084454,1.2493,0.0103,-0.0016,0.0019,0.16026,-0.53347,-0.0013224
2014/08/18,1.547,-0.17386,0.049494,0.44504,0.015398,0.80397,0.0095,-0.0095,0.0066,0.33606,0.74124,0.0080351
2014/08/19,1.0977,0.066021,-0.0065471,0.44176,-0.074261,0.71522,0.0031,-0.0006,0.001,0.16479,0.85465,0.0020861
2014/08/20,0.10881,0.060027,0.014092,0.34131,0.00043147,1.0518,-0.0019,0.0022,0.0042,0.1787,0.8665,0.0021177
2014/08/21,-0.21716,-0.20257,0.072953,0.63842,-0.00045605,0.52762,-0.0023,-0.0074,0.0033,-0.12261,0.65782,-0.0010288
2014/08/22,0.54348,0.16679,0.089902,1.4372,0.011678,0.54216,0.0058,-0.0034,0.0033,0.018913,0.27651,0.0028252
2014/08/25,0,0.40821,0.030934,1.4086,0.43355,0.52416,-0.0065,0.0047,0,-0.13424,0.1854,-0.0034808
2014/08/26,-1.8378,0.20148,-0.014219,1.218,0.31596,0.003305,-0.0134,0.0014,-0.006,0.087348,-0.022237,-0.035733
2014/08/27,-1.0881,-0.116,0.059823,-0.47601,0.021715,0.75515,0.0029,-0.0012,0.0033,0.14973,0.75998,-0.00086728
2014/08/28,-0.44053,-0.02062,-0.0053988,-0.23512,0.073683,-0.25313,-0.0077,0.0023,-0.0007,0.2212,0.80185,0.0012275
2014/08/29,0.11001,0.2136,-0.073465,0.46715,-0.37084,0.28384,0.0108,-0.0037,0.0024,-0.017252,0.53452,-0.0010111
2014/09/01,1.3274,0.12913,0.024212,0.70439,-0.32353,1.1675,0.0121,-0.0053,0.0064,0.1454,-0.087619,0.0082735
2014/09/02,1.6484,-0.13498,0.070438,0.69204,0.17726,1.0237,0.0142,-0.0013,0.0034,0.21151,-0.34098,0.0040737
2014/09/03,1.6376,0.029299,-0.033436,0.62153,0.12143,1.1667,0.0094,0.0004,0.0006,0.12242,-0.23116,-0.0042563
2014/09/04,1.0811,0.15477,-0.039031,-0.022887,0.008229,1.6054,0.0083,0.0002,0.0025,0.062669,-0.034107,0.0018377
2014/09/05,0.9667,0.10029,0.13636,0.78341,0.028913,1.2968,0.0069,0.0037,-0.0028,-0.012293,-0.33737,0.0030729
2014/09/09,0.42781,-0.13751,0.078298,0.21185,-0.25475,1.4507,0.0019,-0.0003,0.0063,0.096118,-0.069291,-0.00014809
2014/09/10,-0.31915,-0.0093017,-0.0037537,0.40399,-0.24763,0.95689,-0.0005,-0.0038,0.0099,-0.058938,-0.43621,-0.004517
2014/09/11,-0.63898,0.28559,0.046202,0.33469,-0.32464,0.93164,-0.0025,-0.0022,0.0033,-0.118,0.29746,-0.0054348
2014/09/12,0.10672,-0.011848,0.058037,0.42972,-0.54139,1.1128,0.0097,0.0025,0.0063,-0.060865,0.02398,0.0023164
2014/09/15,0.75027,-0.22955,0.20519,1.1674,-0.096546,-0.61333,0.0053,0.0004,0.0103,0.030043,0.56675,0.0027026
2014/09/16,-1.2793,-0.21728,0.15227,0.60904,0.33664,-0.27482,-0.0248,0.0107,-0.0072,0.21979,0.7914,0.0018878
2014/09/17,-0.95745,-0.18042,-0.084983,0.16704,-0.29507,0.56746,0.0058,0.0031,0.0043,0.32277,0.76697,-0.0087764
2014/09/18,0.75594,-0.16313,-0.090838,0.079769,-0.37901,0.77221,0.0048,-0.0041,0.0052,0.18895,0.95873,0.0031865
2014/09/19,0.85929,-0.054996,-0.15538,0.85593,-0.18668,-0.10291,0.0086,-0.0039,0.0044,0.12414,0.83718,0.0013335
2014/09/22,-0.42872,0.05556,-0.16248,0.73589,-0.32296,0.021651,-0.0161,-0.0053,0.006,0.2164,0.078913,0.00395
2014/09/23,-0.42599,0.12029,-0.12288,0.0022143,-0.30549,1.3167,0.0108,-0.0026,0.0053,-0.090605,-0.29711,0.0010926
2014/09/24,1.507,0.031245,-0.029084,0.80225,0.094238,0.8464,0.0153,0.0039,-0.0002,-0.0043135,0.71113,0.010571
2014/09/25,0.74866,0.086506,0.018669,0.19118,0.147,1.2571,0.0005,-0.0018,0.0019,0.27479,1.0785,-0.0025041
2014/09/26,0,0.14711,0.10425,0.29473,-0.31164,0.88143,0.0017,0.0025,0.0057,0.42834,0.96746,0.00092815
2014/09/29,0.53079,-0.1233,0.18621,-0.14666,-0.48999,0.97524,0.0066,0.001,0.0061,0.18617,0.81717,0.00093538
2014/09/30,0.10604,0.0038814,0.1175,0.3427,-0.27011,0.83035,0.0043,-0.002,0.0036,-0.41896,0.93864,-0.0036184
2014/10/08,1.056,-0.047233,0.0553,0.82322,0.24822,0.96409,0.0109,-0.0057,0.001,-0.22444,1.1,-0.012012
2014/10/09,1.0593,0.20964,0.036659,0.88606,0.1589,1.1352,0.0029,0.0051,0.0009,-0.040845,1.1606,-0.0055364
2014/10/10,-0.62696,0.35129,0.010836,1.1415,-0.3411,0.8821,-0.0055,-0.0014,0.0014,0.25011,0.69699,-0.0031526
2014/10/13,-0.73375,0.19196,-0.0094622,0.8999,-0.1648,0.49237,-0.0026,0.0029,0.0036,0.46222,1.0857,-0.0030076
2014/10/14,-0.52576,0.15264,0.081316,0.34785,0.11374,1.1167,-0.0029,0.0012,0.0018,0.27375,1.2005,0.0047723
2014/10/15,0.42239,0.27173,0.21565,0.24258,0.096771,0.48583,0.0056,0,-0.0007,0.61105,1.1647,-0.0021876
2014/10/16,-0.31712,0.41557,0.15774,-0.0057853,0.35084,0.67595,-0.0103,0.0015,-0.0026,0.61914,0.87784,-0.0069617
2014/10/17,-0.63091,0.23364,-0.070934,0.56805,-0.085677,-0.2615,-0.0072,-0.0032,-0.01,-0.0084217,0.78742,0.0063889
2014/10/20,0.84836,0.12271,-0.15634,0.43132,-0.23232,0.37472,0.0097,-0.003,0.0056,-0.032515,0.83251,0.0028226
2014/10/21,0.10582,0.29383,0.050075,-0.011082,0.19445,0.66459,-0.0079,-0.0001,0.0017,0.080821,0.75856,0.001944
2014/10/22,-1.2618,0.32417,0.1366,0.2024,0.30684,0.46974,-0.0083,0.0005,-0.0045,0.096331,0.88196,-0.0024816
2014/10/23,-1.6913,0.0058917,-0.028628,0.44856,0.078999,0.040609,-0.0132,-0.0022,-0.0066,0.5113,0.91974,-0.0017657
2014/10/24,-1.1715,-0.3359,-0.057161,-0.042762,-0.47211,0.31559,0,-0.0019,0.0028,0.61479,0.75321,0.0056593
2014/10/27,-0.96774,-0.21891,-0.0081193,0.65565,-0.35431,-0.15556,-0.0015,-0.0073,0.0081,0.32329,0.45599,0.0015029
2014/10/28,0.32328,-0.031966,0.14501,1.1071,0.13884,0.68746,0.0234,0.0042,0.0057,0.42065,0.49372,-0.0058008
2014/10/29,2.1716,0.13373,0.26521,0.86035,0.3575,0.61309,0.0148,0.0072,0.0028,0.28446,0.57199,0.0081425
2014/10/30,1.1815,0.61208,0.42213,0.27104,0.12655,1.1615,0.0046,0.0082,-0.0028,0.29735,0.70344,0.020273
2014/10/31,0.63762,0.32901,0.13695,0.76389,-0.060711,0.997,0.008,0.011,-0.0056,0.21967,0.45492,-0.0023113
2014/11/03,0.84926,-0.23166,0.037592,1.2976,0.24321,0.16858,0.0059,0.0049,0.0063,0.251,0.1453,0.0031366
2014/11/04,-0.1056,-0.32519,-0.013588,1.3799,0.30016,0.3389,-0.0022,0.0113,-0.0012,0.0048016,0.027881,-0.0041179
2014/11/05,-0.31579,-0.42634,-0.11736,1.1035,-0.066416,0.52809,-0.0032,-0.0033,0.0048,-0.24578,0.39601,-0.0042563
2014/11/06,0.52854,-0.17419,0.054975,1.0656,0.17931,0.21437,0.0054,-0.0052,0.004,-0.18621,0.63251,0.0029938
2014/11/07,0,0.15802,0.26556,1.7163,0.51014,0.20209,-0.0052,-0.0016,-0.0012,0.36068,0.91896,0.0010942
2014/11/10,0.94637,0.42452,0.19193,1.9709,1.0336,-0.74017,0.0183,0.0141,-0.01,0.54579,0.46375,-0.004532
2014/11/11,0.63358,0.24073,-0.051466,1.5783,0.61341,-0.44955,-0.0133,0.0077,-0.016,0.096869,0.099076,-0.0075583
2014/11/12,0.3125,0.16692,0.099685,1.5385,-0.035041,-0.4509,0.0127,0.0007,0.0016,0.022782,-1.0988,-0.0042884
2014/11/13,0,0.23154,-0.0091927,-0.50403,0.38203,0.86394,-0.0083,0.0127,-0.0066,0.061451,1.0226,-0.0094831
2014/11/14,-0.7269,-0.060684,-0.12144,-0.32445,-0.17316,0.54927,-0.0028,-0.0061,-0.003,0.26095,0.62598,0.002134
2014/11/17,0.52466,-0.3269,-0.18596,0.65159,-0.6085,0.46084,0.0028,-0.0076,0.0076,0.19812,0.70236,0.0028838
2014/11/18,-0.1046,-0.24148,-0.10635,0.15581,-0.58636,0.85893,-0.004,-0.0036,0.0071,0.17,0.67151,0.0071484
2014/11/19,-0.31315,0.014247,0.0076397,0.48722,-0.40496,0.71474,0.0014,-0.0095,0.0072,-0.082645,0.77244,-2.956e-05
2014/11/20,-0.41885,0.12119,-0.024087,1.0856,-0.047027,0.41887,-0.0005,0.0046,0.0046,0.15343,0.87389,-0.0048101
2014/11/21,0.62827,0.36253,-0.044132,1.0305,0.22982,0.74548,0.0138,0.0015,0.0004,0.48503,0.82684,-0.0046199
2014/11/24,2.3134,0.28387,0.1761,0.73885,0.21104,1.1044,0.0175,0.0106,-0.0085,0.65476,1.0202,0.010132
2014/11/25,2.3933,0.16866,0.1739,0.71702,0.26256,1.0397,0.0146,-0.0031,-0.0014,0.018611,1.0787,0.014161
2014/11/26,1.6444,0.27929,0.038203,0.22193,-0.019878,1.307,0.0116,-0.0018,0.0016,-0.082833,0.90453,0.24204
2014/11/27,0.71138,0.27446,0.33847,0.96638,0.17332,1.1477,0.0096,0.002,0.004,-0.12811,1.1364,-0.002636
2014/11/28,1.0111,0.30986,0.024223,1.5351,0.72691,0.5004,0.0141,0.0099,-0.0047,0.45529,1.3652,-0.010354
2014/12/01,1.11,0.30706,-0.24497,1.4517,0.75264,-0.38789,-0.003,0.0057,-0.0142,0.2652,1.0147,0.00086717
2014/12/02,1.4014,0.39522,-0.067441,0.60675,0.48123,1.0648,0.0263,0.0067,-0.0038,-0.024438,0.86469,0.0042096
2014/12/03,3.0938,0.2491,0.045451,1.1149,0.98105,0.90338,0.0092,0.0005,-0.0091,-0.17613,0.62801,0.021156
2014/12/04,3.2577,0.087119,-0.23383,2.2392,1.566,-1.0426,0.0365,0.017,-0.0181,0.34276,0.48614,0.018244
2014/12/05,-0.96805,0.34974,-0.37435,2.3172,1.9618,-0.097581,0.0014,0.0069,-0.0235,0.07522,0.17009,-0.023003
2014/12/08,-0.86042,0.7495,0.025547,1.1698,1.0916,-1.1028,0.0222,0.0211,-0.0217,0.24311,0.11452,-0.02672
2014/12/09,-0.78201,0.58943,0.067106,0.95791,0.39724,-1.8273,-0.0533,0.0005,-0.0075,-0.24791,0.72597,0.0014818
2014/12/10,0.77146,-0.11606,0.06806,1.1706,-0.10094,-0.20186,0.0335,-0.0037,-0.0067,-0.25563,-0.40749,0.020687
2014/12/11,1.5764,-0.52212,0.10894,0.50614,-0.67104,1.2739,0.0002,0.0021,0.011,-0.048395,0.91241,-0.002913
2014/12/12,-0.66986,-0.40658,0.061016,0.49011,-0.30463,1.1986,0.0067,-0.0067,0.0063,0.69644,0.48745,-0.0069869
2014/12/15,0.77595,-0.2842,0.10014,1.1669,0.15558,1.0348,0.0089,-0.0085,0.0075,0.23569,0.20295,-0.00077386
2014/12/16,0.38536,-0.17967,0.052443,1.483,1.0446,1.1819,0.0159,0.0152,-0.0073,-0.054169,-0.0071943,0.00086228
2014/12/17,0.19249,-0.13876,0.060811,1.0244,1.0068,0.90181,0.0058,0.0115,-0.0093,-0.087487,0.0396,-0.004809
2014/12/18,0.28791,-0.18224,0.38269,1.3532,1.5967,0.34291,-0.0032,0.003,-0.008,-0.66148,0.41907,0.001488
2014/12/19,0,0.76698,0.28873,1.4569,1.988,-0.4216,0.0062,0.0305,-0.0238,-1.3895,-0.11363,0.0015033
2014/12/22,-2.488,1.2365,0.01628,-0.12285,0.98097,0.23893,-0.0099,0.0283,-0.0325,-0.39179,0.38332,-0.024572
2014/12/23,-2.9779,0.02056,-0.30371,0.035758,-1.6985,-0.97075,-0.0262,-0.0142,0.0097,0.58907,-0.057102,-0.017458
2014/12/24,-0.19627,-0.20722,-0.093858,1.1158,-0.86081,-0.42807,-0.0106,-0.0202,0.0251,0.49374,0.2994,-0.033777
2014/12/25,1.1881,0.037219,0.17268,0.53651,0.74712,0.60879,0.0282,0.0176,-0.0082,-0.28149,0.69171,-0.08292
2014/12/26,1.0816,0.42689,0.2959,1.2493,0.95201,-0.38878,0.0227,0.0133,-0.0102,0.43835,0.63183,-0.022338
2014/12/29,-0.097847,0.89935,0.25701,0.46866,0.38276,0.90899,-0.0033,0.022,-0.0165,0.064405,0.89315,-0.006576
2014/12/30,-1.6537,0.66775,-0.10706,0.21136,0.54607,-0.22205,-0.0056,0.0075,-0.0047,-0.12909,0.23798,-0.0082531
2014/12/31,-0.29383,1.3359,0.28074,0.59449,1.1677,-2.205e-05,0.0193,0.0084,-0.009,-0.054969,-0.17605,-0.01034
2015/01/05,2.8684,0.65517,0.28162,0.7123,0.39859,-0.12445,0.0302,0.0318,-0.0303,-0.29804,0.086389,-0.022591
2015/01/06,4.4204,-0.47163,7.5141e-05,1.0715,-0.32776,0.55036,0.0064,-0.025,0.0025,-0.23971,-0.077424,0.021994
2015/01/07,1.4423,-0.16245,-0.19912,1.1767,-0.43163,0.65768,0.0038,0.0128,-0.0029,0.13706,1.0406,0.0215
2015/01/08,-0.75259,0.08751,-0.20192,0.68654,-0.61408,0.76181,-0.0179,-0.0181,0.0077,0.26174,1.3524,-0.0075688
2015/01/09,-0.56872,-0.14944,-0.062205,0.76216,0.21288,0.49977,-0.0034,-0.0062,0.0006,0.41155,0.85888,-0.0054793
2015/01/12,-0.66351,-0.2513,-0.082689,0.89086,-0.073665,-0.42988,-0.014,-0.0222,-0.0045,0.50123,0.86826,-0.0059474
2015/01/13,1.0486,0.30635,-0.033694,0.70845,-0.8495,0.58687,0.0065,-0.0104,0.006,0.27508,0.86846,0.011383
2015/01/14,0.57252,0.44031,0.04058,0.72643,-0.052354,0.24304,-0.0044,0.0003,0.0068,0.062544,0.3114,0.011379
2015/01/15,0.37736,-0.027942,0.065016,1.3042,0.47236,0.41524,0.0276,0.0234,-0.0136,0.12855,-0.55136,-0.0041657
2015/01/16,2.0873,-0.58277,-0.15253,1.9113,-0.23801,-2.3597,0.0127,-0.0074,-0.0045,0.30085,-0.71114,0.0095296
2015/01/19,-2.0677,-0.28999,-0.32074,1.4045,-1.1673,-1.738,-0.0656,-0.043,0.0261,0.058405,-0.23267,0.0068955
2015/01/20,-1.5799,0.16628,-0.084314,1.0742,-0.096841,-0.098485,0.0249,-0.0086,0.0028,-0.006429,-0.15379,0.0096962
2015/01/21,4.6065,0.023977,-0.03003,0.70206,-0.031886,0.81165,0.0412,0.0158,-0.0078,0.040274,-0.20637,0.012644
2015/01/22,3.966,-0.0247,0.35138,0.19239,-0.09849,1.0682,0.0084,-0.0045,0.0059,0.18172,0.83765,0.010278
2015/01/23,0.6422,0.0062269,0.4397,0.89112,-0.12842,0.53993,-0.0021,0.0103,0.0003,-0.095805,0.7931,-0.0044142
2015/01/26,1.0899,-0.32544,0.030452,1.1922,-0.47203,0.89283,0.0128,0.001,-0.0005,-0.10562,0.75789,-0.0031249
2015/01/27,1.6408,-0.21211,-0.096144,0.42817,-0.8192,0.95835,-0.0056,-0.0051,0.0091,-0.014444,0.81852,0.031298
2015/01/28,-0.26954,-0.15194,-0.027809,0.42239,-0.5768,0.65219,-0.0121,-0.005,0.0104,-0.36361,0.33977,0.0088446
2015/01/29,-1.0762,0.11466,-0.066341,-0.17525,-0.18697,0.83649,-0.011,-0.0011,0.0036,-0.014439,1.4028,-0.015408
2015/01/30,-1.8018,0.37344,-0.12919,-0.0086637,-0.83679,0.27183,-0.0147,-0.0017,0.0043,0.0073117,1.3388,0.1222
2015/02/02,-2.2665,-0.093496,0.042167,0.76973,-0.40351,-0.52469,-0.0194,-0.0164,0.0089,-0.26435,0.56069,-0.017942
2015/02/03,0.55046,-0.12865,0.0075069,1.2406,0.12585,0.30274,0.0245,-0.0019,-0.0057,-0.21183,0.37259,0.0041615
2015/02/04,1.1132,-0.19014,-0.1206,1.3363,-0.41031,0.94952,-0.0074,-0.0037,0.0019,-0.1153,1.0539,0.0010077
2015/02/05,-1.3686,0.022966,-0.19673,0.74548,-0.36874,0.40593,-0.0087,-0.0147,0.0072,0.025246,0.81499,-0.16504
2015/02/06,-2.3853,0.12105,-0.13471,-0.33446,0.26657,0.34461,-0.0209,-0.0044,0.0021,0.0091885,0.40284,0.00049516
2015/02/09,-1.5726,0.13134,0.040559,-0.34953,0.57999,-0.14623,0.0024,0.0047,-0.0049,-0.02403,0.19461,-0.01131
2015/02/10,1.2218,0.062921,-0.22037,0.42581,0.38437,0.44483,0.0159,-0.0004,-0.0084,0.27145,-0.075284,0.066057
2015/02/11,1.7857,0.015402,-0.10214,0.7635,-0.12375,0.77925,0.0086,-0.0093,0.0027,-0.060743,0.19243,0.0080775
2015/02/12,1.2071,-0.10045,-0.023535,0.9321,-0.41724,1.183,0.0061,0.0009,0.0033,0.049745,0.2293,0.0068926
2015/02/13,1.4774,-0.43891,-0.089206,1.3343,-0.32091,0.94524,0.0125,-0.0036,0.0053,0.037687,-0.023809,0.0037855
2015/02/16,1.4679,-0.48437,0.070202,1.0439,0.01119,0.50944,0.0113,-0.0132,0.0043,-0.12264,0.3608,0.016843
2015/02/17,1.0009,-0.076075,0.028532,0.91054,-0.15025,0.77824,0.0074,0.0027,0.0021,-0.17271,-0.45326,-0.00010594
2015/02/25,0,0.27718,0.038447,1.04,0.091419,0.070426,-0.0067,0.0069,0.0052,-0.054056,0.012661,-0.00066416
2015/02/26,0.81081,0.066617,0.0084578,1.3177,0.24528,0.64834,0.0181,0.0133,-0.0044,-0.064753,-0.03859,0.0014012
2015/02/27,1.3562,-0.39488,-0.12189,1.2433,-0.28423,1.4983,0.0062,-0.0046,0.0055,0.049426,0.16514,0.00027947
2015/03/02,1.3405,-0.79115,0.018517,2.1387,-0.70541,0.19046,0.0133,-0.0097,0.0091,0.011214,-0.13646,0.00032347
2015/03/03,0,-0.33372,0.0088179,1.9609,-0.55853,0.47435,-0.0186,-0.0087,0.0134,-0.10471,-0.83623,-0.003643
2015/03/04,-0.17637,-0.03455,-0.12179,1.344,-0.63826,0.68847,0.0101,-0.0076,0.0069,-0.096169,0.78382,0.021576
2015/03/05,1.0705,0.1493,0.017025,0.016745,-0.42357,1.0097,-0.0049,-0.0067,0.0148,-0.0087524,0.87998,0.0061834
2015/03/06,0.088339,0.33074,0.29482,0.30585,0.05821,0.0084871,-0.0077,0.0161,-0.0009,0.006368,0.1915,-0.00022889
2015/03/09,1.3239,0.063644,0.099377,1.0226,-0.26665,0.73771,0.0172,-0.0033,0.0017,-0.21182,-0.59314,-0.0026048
2015/03/10,1.7652,-0.0059989,0.051204,1.1738,-0.30689,0.75394,0.0013,-0.0106,0.0089,-0.28154,0.46962,0.0062291
2015/03/11,0.17422,0.65646,0.28788,0.46965,0.18404,1.2068,0.0001,0.0006,0.0034,-0.011364,-0.19401,-0.0028179
2015/03/12,0.69384,0.43894,0.17286,0.6751,0.20531,0.45917,0.0103,0.0089,-0.0135,0.24735,-0.051896,-0.0027518
2015/03/13,1.6522,-0.38665,-0.1271,1.2655,-0.0069732,0.77213,0.01,-0.0059,0.0046,0.14527,0.2847,0.013383
2015/03/16,2.4117,-0.33267,-0.0092668,1.1385,0.043143,0.69191,0.027,-0.0102,0.0055,0.056471,0.079949,0.00018315
2015/03/17,2.8229,0.054962,-0.11091,1.1211,0.27159,1.2728,0.015,0.0066,0.0019,-0.048905,0.039562,0.0045504
2015/03/18,2.6913,0.09727,-0.24921,1.147,-0.018111,1.199,0.022,0.0045,0.0019,-0.16447,-0.19813,0.00066529
2015/03/19,1.9135,-0.20722,-0.28735,0.94672,-0.19269,1.1439,0.0029,0.0042,0.0047,-0.29727,0.3788,0.0021093
2015/03/20,0.4914,-0.14702,-0.25879,1.0318,0.011058,0.97574,0.0119,-0.0072,0.0076,-0.50353,0.43577,0.0030269
2015/03/23,1.8776,-0.34328,-0.087828,1.5056,0.60291,0.10871,0.0238,-0.0066,0.0059,-0.53124,0.24086,0.14718
2015/03/24,2.2005,-0.49889,0.00065808,0.82304,0.22442,1.8116,0.0049,-0.0122,0.0006,-0.36948,0.99822,0.0046089
2015/03/25,-0.40064,0.63517,-0.0069253,0.29734,-0.45474,0.81913,-0.0007,-0.013,0.0106,-0.053179,0.85273,0.0044609
2015/03/26,-0.31898,0.75688,-0.14281,0.13895,-0.10675,0.048632,-0.0021,0.0283,-0.0137,0.096834,0.98531,0.0048284
2015/03/27,1.0459,0.75474,-0.22152,0.061343,0.16198,0.98271,0.0064,-0.0025,0.0054,0.026006,-0.21512,0.007663
2015/03/30,2.72,0.016931,0.13162,1.1318,0.058689,0.24261,0.0199,0.0258,-0.0125,-0.24632,0.078137,-0.0067267
2015/03/31,1.9108,-0.46911,-0.092582,1.5376,-0.4729,0.81192,-0.0045,-0.0192,0.0073,-0.38384,-0.24461,-0.022807
2015/04/01,0.70093,-0.14603,-0.11661,0.75742,-0.69856,1.3816,0.021,-0.0096,0.0065,-0.025275,0.48718,0.0013133
2015/04/02,1.4063,-0.15897,-0.016641,0.84166,-0.77252,1.546,0.0106,-0.0075,0.0155,0.18176,0.80054,0.0037357
2015/04/03,1.0828,-0.041121,0.098076,1.1028,-0.39481,1.3156,0.0145,-0.001,0.0156,0.29834,0.72818,0.0036382
2015/04/07,3.2357,0.02412,0.067674,1.3477,0.39439,-0.24844,0.0253,0.0057,0.001,-0.033666,0.17761,-0.00095478
2015/04/08,2.7544,0.096283,-0.14079,1.2692,0.63156,1.8378,0.0024,0.0139,-0.0042,0.011065,0.52928,-0.0025687
2015/04/09,-0.59701,-0.32459,-0.24518,1.7436,0.1081,-0.083722,-0.0087,-0.0012,-0.0001,0.32621,0.26598,-0.001329
2015/04/10,1.1914,0.044442,-0.0010984,0.87638,-0.43276,1.2359,0.0228,-0.0056,0.0085,0.36755,-0.37038,-0.0097179
2015/04/13,3.5285,0.30903,0.085992,0.9051,0.081094,0.60685,0.0212,0.008,0.0028,0.31344,0.37664,-0.026226
2015/04/14,1.3981,0.094032,0.23508,0.65429,0.89912,0.4768,0.0009,0.0091,-0.0039,-0.069652,0.60395,0.0019496
2015/04/15,-0.65265,0.2677,0.30151,1.1964,1.3896,-0.99712,-0.0236,0.0165,-0.0148,-0.16786,0.095142,0.00065101
2015/04/16,1.8142,0.17289,0.27268,0.91277,1.3441,0.61909,0.0226,0.0051,-0.0152,-0.38036,0.42489,0.0094895
2015/04/17,3.2117,-0.23904,0.22923,2.0553,1.2773,-0.44269,0.0166,0.0243,-0.0183,-0.17133,0.18417,-0.016666
2015/04/20,-1.5681,-0.39595,0.0030821,1.255,-0.019127,-1.5861,-0.0191,0.0089,-0.0144,-0.075431,-0.46796,-0.0017545
2015/04/21,-0.56577,-0.37241,-0.046447,-0.42239,-0.89609,0.34436,0.0276,-0.0235,0.0151,-0.032211,0.67529,-0.018284
2015/04/22,3.4757,-0.50572,0.29253,0.39654,-0.52606,0.74717,0.0273,-0.0041,0.0124,0.050498,0.62424,0.031779
2015/04/23,0.85349,-0.30386,0.073997,0.77814,-0.015198,1.7748,0.0064,-0.004,0.0041,-0.055533,1.2201,-0.0078823
2015/04/24,-1.8195,-0.56654,0.13998,0.80185,0.87809,1.2185,-0.0034,-0.0053,-0.0017,-0.029337,1.3887,-0.0078443
2015/04/27,0.56417,-0.16903,0.61934,1.7273,0.88255,-0.52464,0.0229,0.0234,-0.0183,0.1996,1.776,-0.0092225
2015/04/28,0.92659,-0.18913,0.18325,1.1555,-0.28268,-0.54729,-0.0184,0.0101,-0.0069,-0.055874,1.3979,0.014919
2015/04/29,-0.91164,0.12156,-0.07994,0.17202,-0.78953,0.73404,0.0084,-0.0213,0.0139,-0.26489,1.2288,-0.004804
2015/04/30,-1.4124,0.78804,0.64503,0.45001,-0.6319,1.1618,-0.0027,-0.0084,0.0056,0.21645,1.1025,-0.0072602
2015/05/04,-1.3447,0.083768,0.27647,-0.18481,-0.41399,0.3486,0.0083,0.0084,0.0001,0.14808,1.2962,-0.0052854
2015/05/05,-3.2235,-0.44414,-0.16258,-0.27028,0.089576,0.41051,-0.0378,-0.0146,0.0087,0.30882,1.0377,-0.0051278
2015/05/06,-4.3759,0.14964,-0.3708,-0.73958,-0.2623,0.49736,-0.0126,-0.0275,0.0056,0.1465,1.6212,-0.0017658
2015/05/07,-2.1466,-0.35049,-0.093463,0.47734,-0.87509,-1.8323,-0.0231,-0.023,0.0032,0.21083,0.72545,-0.012303
2015/05/08,0.67517,-1.065,0.028256,0.45454,-0.55369,0.011065,0.0327,-0.0145,0.0136,0.086226,0.54206,-0.022575
2015/05/11,4.1604,-1.1244,-0.15568,0.94278,0.017765,-0.24955,0.039,-0.0114,0.0113,-0.31744,0.85709,-0.0046834
2015/05/12,3.6513,-0.48028,0.058743,0.41389,-0.72815,1.1601,0.0195,-0.0105,0.0051,-0.44472,1.2683,0.021004
2015/05/13,1.0167,-0.010827,-0.00052217,1.0795,-0.96596,1.2347,-0.0003,-0.0117,0.0139,-0.35974,2.0567,0.0033668
2015/05/14,0.071891,-0.41416,-0.12396,1.8733,-0.23696,0.85376,0.0019,0.0043,0.0145,-0.27385,2.3073,0.0021112
2015/05/15,-1.1503,-0.56138,-0.12387,1.3725,-0.77258,0.27968,-0.0125,-0.0159,0.0073,-0.12838,2.0131,-0.00022403
2015/05/18,-1.7241,0.33285,-0.14914,0.86088,-0.81244,-0.034629,0.0067,-0.027,0.0213,0.16163,1.6177,-0.0012418
2015/05/19,1.9636,0.36,-0.037734,0.14536,-0.30989,1.074,0.0318,0.0067,0.0034,0.23899,1.698,-0.0088286
2015/05/20,2.7047,-0.51222,0.078142,0.42836,-0.57661,1.0725,0.0132,-0.0147,0.0133,0.088218,1.7701,0.0022242
2015/05/21,1.9971,-0.037601,-0.062014,0.68165,-0.32507,0.70894,0.028,-0.0118,0.0104,0.014945,1.6974,0.0074977
2015/05/22,4.1281,0.18099,-0.2346,0.51806,0.13491,0.57101,0.0227,0.0165,-0.0042,-0.089162,0.60191,-0.0064841
2015/05/25,4.6154,-0.38232,-0.24746,0.32193,-0.43032,0.30928,0.0289,0.0167,-0.0047,0.095633,1.2056,0.10027
2015/05/26,2.3923,-0.50885,-0.32616,1.1643,-0.98956,-0.26725,0.029,-0.0144,0.0133,0.088948,1.5957,-0.016494
2015/05/27,-0.066845,-0.0085587,-0.13511,0.86393,-0.80023,0.1112,0.0095,-0.0044,0.0143,0.081216,2.3958,-0.0015814
2015/05/28,-4.2056,0.25916,-0.040199,0.52019,-0.67194,-0.4845,-0.0665,-0.0071,0.0163,0.11729,1.8406,-0.0027993
2015/05/29,-3.8796,0.13471,-0.12615,-0.15292,-1.1848,-2.0489,0.0049,-0.02,0.0089,-0.22072,0.34888,0.0017049
2015/06/01,3.9024,-0.1672,-0.18652,-0.83765,-1.4545,-0.83129,0.0525,0.0032,0.0022,-0.42305,0.57998,0.00031175
2015/06/02,5.2192,-0.36702,0.080404,0.46575,-0.96015,0.14796,0.0271,-0.0068,0.0185,-0.13923,0.64139,0.014664
2015/06/03,2.2803,0.065258,0.16586,1.2121,-0.32878,1.1403,0.0021,0.0052,0.007,0.22105,0.99312,0.010924
2015/06/04,3.5714,0.70012,0.1006,2.6438,-0.0093273,0.40538,0.0022,0.0116,-0.006,-0.12859,1.7051,0.014569
2015/06/05,3.2131,1.9532,0.23827,2.1344,0.14194,0.10853,0.0142,0.0207,-0.0038,-0.033133,1.6178,0.066005
2015/06/08,3.5121,0.8628,0.34536,1.4146,0.23906,0.56137,0.0057,0.0347,-0.018,0.36008,1.8284,0.030817
2015/06/09,2.0966,-0.46319,0.075902,0.53362,-0.96086,0.34863,-0.0028,-0.0014,0.0001,0.80435,1.3517,-0.017195
2015/06/10,-0.86366,-0.32776,-0.10196,1.2191,-1.6073,0.5144,0.0083,-0.0214,0.016,0.72467,1.3214,0.0026637
2015/06/11,0,-0.026623,-0.23379,0.84888,-1.2183,1.0408,0.0089,-0.0034,0.0148,-0.021518,1.4285,-8.4866e-05
2015/06/12,1.4608e-05,0.87977,-0.14497,0.87951,-0.6056,-0.081095,0.0117,0.0007,0.0098,-0.59304,1.6212,-8.9006e-05
2015/06/15,0.27102,0.92588,-0.0052587,1.5247,0.075316,0.52892,-0.0224,0.0232,0.0042,-0.15848,2.0561,0.00014357
2015/06/16,-1.5357,0.13378,-0.020244,0.99267,0.083627,-0.79732,-0.0387,0.0002,-0.0068,0.0032486,0.87486,0.018882
2015/06/17,-0.09009,-0.057279,0.19625,0.16713,-0.39094,-0.07322,0.02,-0.0021,-0.0016,-0.18754,1.1924,0.0057988
2015/06/18,-2.2936,0.47576,0.2447,-0.084731,0.53795,1.0121,-0.0401,0.0155,0.0032,-0.043283,1.2088,0.0023269
2015/06/19,-7.8449,1.0793,0.08616,0.56543,1.1478,0.85483,-0.0678,-0.0079,-0.0072,-0.37366,1.0687,-0.039732
2015/06/23,-1.3146,1.1016,0.1598,2.0804,0.61978,-0.87161,0.0203,-0.0001,-0.0283,-0.23571,0.74794,0.0042176
2015/06/24,4.4031,0.33653,0.19849,1.7829,0.15126,-1.4343,0.0245,0.0191,0.0019,0.34076,0.89241,-0.0075104
2015/06/25,-2.3787,0.24604,0.25301,0.98705,0.82619,2.6685,-0.0394,0.0084,-0.0013,-0.43323,1.2246,0.01848
2015/06/26,-9.9344,0.29612,0.27398,1.7972,1.0889,3.3251,-0.0837,0.0032,-0.0038,-0.3237,-0.31238,-0.040341
2015/06/29,-10.1365,1.7474,0.27974,0.9916,0.93909,-1.7069,-0.0495,0.0215,-0.0297,-0.70305,-0.042571,0.018291
2015/06/30,3.0177,1.3493,-0.01302,-0.39162,0.38945,-2.009,0.06,-0.0072,-0.0201,-0.421,0.46427,-0.0026172
2015/07/01,0.75922,1.6024,-0.16264,0.37277,1.3546,2.7035,-0.0569,-0.0049,-0.0186,0.078051,0.20868,-0.0043818
2015/07/02,-11.9192,1.0798,0.012717,0.66643,1.2216,3.3736,-0.0499,0.0129,-0.0289,-0.16827,1.1672,-0.049292
2015/07/03,-11.3025,2.1537,-0.16519,0.50453,1.5864,3.4419,-0.0636,-0.0077,-0.025,-0.12444,0.77745,-0.07945
2015/07/06,-8.6009,1.9121,-0.26485,-0.35201,4.2505,3.2542,0.0049,0.0428,-0.0656,0.2938,0.2085,-0.060609
2015/07/07,-10.4369,0.19802,-0.74005,0.47731,1.3801,4.43,-0.0345,0.0318,-0.0383,0.11593,0.01499,0.023519
2015/07/08,-12.6725,0.031279,0.30532,2.4954,-0.45479,-3.6141,-0.0679,-0.017,-0.0043,0.2188,1.117,-0.072264
2015/07/09,-2.168,-0.0066929,0.5802,0.069317,-0.78745,-3.1179,0.0788,-0.0045,0.0025,-0.084458,-0.044768,-0.025569
2015/07/10,7.6149,-0.19634,0.26976,0.18029,-1.3466,-4.7574,0.0663,-0.0111,0.0104,0.026036,0.093647,0.0031658
2015/07/13,9.6953,-1.0542,-0.38921,0.00069321,-3.3719,-5.4197,0.04,-0.019,0.0304,0.091054,-0.34735,0.103
2015/07/14,11.482,-0.13014,-0.80291,-2.1909,-1.172,1.8666,-0.0021,-0.0387,0.0444,1.6191,0.91072,0.13121
2015/07/15,1.1364,1.1323,-0.20468,0.98828,-0.34504,-1.873,-0.0419,0.0111,-0.0103,0.17214,0.80661,0.151
2015/07/16,-2.3952,-0.48718,-0.090131,0.76061,-1.7447,-3.2352,0.0095,-0.0033,-0.0008,0.24878,-0.082865,0.02437
2015/07/17,6.9913,-0.69837,-0.10791,0.74774,-1.5307,-3.0329,0.0488,-0.0193,0.0187,0.27978,0.18739,-0.028669
2015/07/20,7.2393,-1.0538,-0.14285,0.55982,-0.72435,0.80479,0.0144,-0.0139,0.0178,-0.080063,0.36107,0.017523
2015/07/21,3.3839,-0.5571,0.1158,1.1262,-0.91284,0.68581,0.0115,-0.0066,0.0196,-0.075088,0.50544,0.013846
2015/07/22,2.1739,-0.53014,0.34468,1.1428,-1.0555,-0.17867,0.0063,-0.0093,0.0124,0.36873,-0.22791,0.028025
2015/07/23,3.4989,-0.48958,0.3876,0.7169,-0.58087,-1.2167,0.0296,-0.0051,0.0158,0.051005,0.26871,0.01267
2015/07/24,1.4558,-0.42282,-0.012601,1.1993,0.12396,1.003,-0.0146,-0.0042,0.0008,-0.17796,0.33308,-0.0058452
2015/07/27,-9.1603,0.00030141,-0.053102,1.6634,0.26941,3.6139,-0.0904,-0.005,0.0046,-0.17141,0.50685,-0.00045328
2015/07/28,-10.1545,0.13507,0.29534,1.1967,-0.3579,-3.0835,-0.0224,0.0118,-0.0251,-0.12283,0.1745,-0.022443
2015/07/29,1.8007,-0.42623,0.24235,1.1734,-0.79174,-1.4576,0.043,-0.0048,0.0158,0.052059,-0.31374,-0.027201
2015/07/30,0.9828,0.36213,0.094785,0.26973,-0.22418,0.86642,-0.0301,0.0093,-0.0005,0.4231,0.41776,-0.064611
2015/07/31,-3.6557,1.5397,0.14534,-1.4508,0.18064,-0.30299,-0.0117,0.0039,-0.0122,0.8168,0.53098,-0.0061235
2015/08/03,-2.0681,-0.14256,0.014169,0.2032,-0.91624,-3.6224,-0.0204,0.0243,-0.0369,0.24556,0.091832,-0.0070936
2015/08/04,3.9168,-0.56032,0.098002,1.5142,-1.3882,-1.1326,0.0479,-0.0137,0.0251,-0.13778,-0.18198,-0.014267
2015/08/05,4.9689,0.042887,0.28133,1.0394,-0.76416,1.2453,-0.0163,-0.0016,0.0158,0.26097,0.05111,0.018962
2015/08/06,-0.70671,-0.50008,0.10647,1.0264,-0.46739,-0.43001,-0.0095,-0.0015,0.0119,0.085856,0.12316,-0.0026995
2015/08/07,3.432,-0.81527,0.026048,0.15366,-0.11617,0.48063,0.0296,-0.0145,0.0128,-0.43348,0.23896,0.010047
2015/08/10,8.1851,-0.52749,0.14308,0.56363,0.1993,-0.96724,0.0549,-0.0038,0.0039,-0.82502,0.056884,0.011299
2015/08/11,5.492,0.090779,0.088572,1.2802,-0.016656,0.1007,0.0018,0.0025,0.0078,-0.80117,-0.04238,0.013751
2015/08/12,0.2193,-0.2284,-0.030169,2.2507,0.037046,-1.0495,-0.0138,0.0052,0.0013,-0.12579,-0.1148,0.016252
2015/08/13,1.0846,-0.45118,0.00070358,1.3425,-0.27931,0.35205,0.0222,-0.0051,0.0118,0.34908,-0.30374,-0.0091638
2015/08/14,2.407,-0.14752,0.058747,1.4188,-0.76201,0.86995,0.0042,0.0022,0.0092,-0.51873,0.82934,0.0047606
2015/08/17,1.6094,0.090179,-0.043632,1.5078,0.31871,0.59998,0.0083,0.0064,0.014,0.16992,-0.0622,0.0051261
2015/08/18,-6.3034,0.1563,0.13899,1.8362,0.51239,-0.33041,-0.0723,0.0014,-0.0109,0.4611,0.027515,0.0084308
2015/08/19,-4.2239,0.12829,0.3256,1.8085,-0.19598,-1.757,0.0184,-0.0094,0.0098,0.41442,-0.53034,0.012182
2015/08/20,1.4823,0.51609,-0.25958,0.058783,0.95351,1.828,-0.0373,-0.0024,0.0008,0.049709,0.697,0.081709
2015/08/21,-6.3947,-0.032839,-0.01282,0.24368,0.33245,2.6993,-0.0545,0.0081,-0.0121,-0.06954,-0.0051815,0.027125
2015/08/24,-12.1348,-0.15259,-0.028385,0.44519,0.14852,2.5453,-0.0946,0.0034,-0.0022,-0.23049,0.062624,-0.022136
2015/08/25,-15.7833,0.46295,0.018891,1.3062,0.88084,4.153,-0.0871,-0.0039,-0.0058,-0.63873,0.56686,-0.10164
2015/08/26,-13.0435,1.1539,0.16791,-0.85039,0.41732,-3.127,-0.0241,0.0147,-0.0146,-1.1316,-0.41059,-0.047434
2015/08/27,-0.41958,-0.62464,0.1475,0.50252,-0.26909,-3.0789,0.0542,0.0082,-0.0064,0.023858,0.23403,-0.040574
2015/08/28,12.0588,-0.69195,0.46102,0.89343,-0.30772,-4.3379,0.06,-0.0036,0.0111,-0.28043,0.99671,0.13224
2015/08/31,3.6517,1.4849,0.47044,-0.81307,3.9581,2.2546,-0.0203,0.0122,-0.0292,-0.73767,0.29282,-0.091424
2015/09/01,-7.3491,2.6884,-0.25275,-0.89221,3.0165,1.8251,-0.0303,0.0285,-0.0425,-0.28127,0.73277,-0.036397
2015/09/02,-6.3686,0.98815,-0.48581,-0.99731,-1.5175,-0.80303,-0.0107,0.0179,-0.0351,-0.061983,0.68358,-0.017155
2015/09/07,-1.4164,-0.97133,-0.11759,0.84962,-1.8416,-2.4163,-0.0176,-0.0097,0.0379,0.45967,0.56334,-0.021204
2015/09/08,4.7757,-1.0521,-0.017297,0.87804,-1.3017,-0.21108,0.0386,-0.0174,0.027,0.40045,0.38928,0.0028719
2015/09/09,7.6149,-0.21193,0.024652,0.85078,-0.26345,0.011479,0.0314,-0.0095,0.018,0.28268,-0.92678,0.017019
2015/09/10,1.5193,0.13756,-0.20175,1.0188,0.038073,0.79289,-0.0171,-0.0032,-0.0006,-0.22143,1.3069,0.0018643
2015/09/11,-1.2016,0.083952,-0.27544,1.2261,1.5314,-0.61985,0.0033,-0.0075,0.0119,-0.59304,0.75075,0.012971
2015/09/14,-5.3061,0.78259,-0.010321,0.74441,2.1238,2.6468,-0.0499,0.0162,-0.0326,-0.89983,4.8621e-05,0.016621
2015/09/15,-11.7568,-0.037278,-0.9184,0.61349,-0.63936,-2.4776,-0.0483,0.0137,-0.0091,-0.28378,1.0845,-0.032738
2015/09/16,1.1494,-0.39473,-0.85845,0.40671,-1.2607,-1.9825,0.0655,-0.0075,0.0129,0.13093,1.7627,0.041689
2015/09/17,7.0444,-0.5194,-0.13356,1.3948,-0.28789,-0.51333,-0.022,-0.0081,0.0023,0.098834,1.2649,0.053734
2015/09/18,0.71023,-0.51388,-0.29983,0.76449,-0.8633,0.25476,0.0086,-0.0108,0.0086,0.13185,1.1932,0.013718
2015/09/21,5.4363,-0.28166,-0.31594,0.75902,-0.65779,0.46086,0.0296,-0.0188,0.0126,-0.037767,1.2373,0.0082826
2015/09/22,5.0776,-0.085015,-0.32649,1.3557,-0.25395,0.55707,0.0096,0.0011,0.0043,-0.061458,0.6548,-0.00083097
2015/09/23,-0.13569,-0.13079,-0.15414,1.2648,-0.4013,0.16041,-0.0191,-0.0153,0.0082,0.48001,-0.085245,-0.0025755
2015/09/24,0.40268,-0.077508,0.090332,-0.0042064,-0.023778,-0.74658,0.0117,-0.007,0.0063,-0.054146,0.66847,0.019541
2015/09/25,-1.4946,0.022014,0.018283,0.78673,-0.34969,-1.2369,-0.0272,0.0126,-0.0118,-0.076621,0.2532,0.0080599
2015/09/28,-1.6043,0.064573,-0.025111,1.0882,-0.69118,-0.49242,0.0128,-0.0231,0.0119,0.17242,0.032801,0.0073786
2015/09/29,-0.27586,0.46743,0.059436,0.27558,-0.017777,0.42539,-0.0211,-0.0042,0.0023,0.18126,0.22523,0.0062796
2015/09/30,-1.6304,0.55274,0.020396,0.093772,-0.44616,0.37486,0.0046,0.004,-0.0019,-0.042288,-0.084421,-0.010258
2015/10/08,4.7026,0.211,-0.17341,0.58843,-0.73883,-0.14578,0.0391,-0.0133,0.008,0.012716,0.4086,-0.0046753
2015/10/09,7.7348,-0.059427,0.0031746,-0.019295,-0.86787,0.23758,0.0156,-0.0019,0.0068,0.21346,0.11333,0.010241
2015/10/12,8.4544,-0.3388,-0.027609,0.5817,-0.73237,0.46278,0.0422,-0.0032,0.0091,0.12882,0.35935,0.031233
2015/10/13,5.8974,0.037085,0.014752,0.75493,-0.018054,0.92278,0.006,-0.0104,0.0111,-0.15132,-0.17651,0.0067601
2015/10/14,-0.1218,-0.13527,0.0052605,0.82994,-0.078914,-0.29182,-0.012,0.0029,-0.0013,-0.068117,0.21768,0.0070707
2015/10/15,1.4528,-0.25547,0.0033913,1.0804,-0.40011,0.40521,0.0302,-0.0097,0.0089,-0.19204,0.46119,-0.049392
2015/10/16,3.1707,0.1836,-0.11279,1.6675,-0.20273,0.53145,0.0171,-0.0029,0.002,-0.33701,0.67643,0.013276
2015/10/19,0.71599,0.14235,-0.21742,0.96116,-0.11853,0.54698,-0.0003,0.0015,0.003,-0.16242,0.24393,-0.0023972
2015/10/20,0.59102,0.29934,-0.19148,0.58004,0.77959,-1.3745,0.017,-0.0071,0.0035,-0.38971,-0.14965,-0.0024689
2015/10/21,-1.6588,0.2409,-0.12466,1.6844,0.065675,-1.9021,-0.0489,0.0107,-0.0195,-0.1568,0.18953,-0.0015223
2015/10/22,-1.1751,-0.23536,-0.051022,1.0197,-1.4715,-0.12374,0.0272,-0.0186,0.0166,-0.17682,0.29819,-0.054512
2015/10/23,3.012,0.2822,0.0046114,0.22787,-1.0892,0.94015,0.0225,-0.0129,0.0196,0.36419,-0.51093,0.036328
2015/10/26,2.497,0.31107,0.19434,1.1859,-0.15639,1.0196,0.0064,0.0021,0.0063,0.21161,0.83458,0.002982
2015/10/27,0.93567,0.23982,0.26235,0.4288,-0.0063744,0.54291,0.0039,-0.0088,0.0044,0.024129,0.32999,0.00048851
2015/10/28,0,0.49449,0.20488,0.86044,-0.27255,-0.52132,-0.0219,0.0081,0.0012,-0.1327,-0.13214,0.0010603
2015/10/29,0.34762,0.47341,-0.15129,0.71971,-0.15302,0.93499,0.006,-0.0032,0.0079,-0.076786,-0.25564,0.0046462
2015/10/30,0.23202,0.73923,-0.24113,0.88807,0.14875,-0.36893,-0.0009,-0.0056,0.003,0.017859,0.29351,-0.0028755
2015/11/02,-1.5012,0.66651,-0.011282,0.82074,-0.016449,0.076875,-0.0208,0.0083,-0.0054,0.11288,0.089392,-0.0024642
2015/11/03,-1.3889,-0.029094,-0.090128,0.59167,-0.61523,-0.73469,-0.0019,0.0029,0.0055,0.099607,0.36397,0.0014087
2015/11/04,3.7515,0.20639,-0.13835,0.36498,-0.29386,-1.0769,0.0522,-0.0105,0.0073,-0.1717,0.14936,0.0012191
2015/11/05,5.5164,0.43748,-0.28958,0.65236,0.11753,0.054797,0.0128,0.016,-0.0087,0.059531,0.36967,-0.043263
2015/11/06,3.0508,-0.027161,-0.16298,0.55852,-0.077391,1.0526,0.0253,-0.0115,0.0055,-0.054949,0.2619,0.0070264
2015/11/09,2.6696,-0.47741,-0.045113,0.36867,-0.18577,1.3424,0.0185,-0.0087,0.0038,0.17919,-0.086394,0.0085485
2015/11/10,1.864,-0.37895,0.044863,0.27165,-0.6787,0.91714,0.0026,-0.006,0.0117,-0.23036,0.69098,0.0071749
2015/11/11,0.7584,0.21202,-0.07294,1.2369,-0.45489,0.95707,0.0107,-0.0116,0.0153,-0.063712,0.32619,0.001022
2015/11/12,-0.64586,0.4493,-0.01243,1.152,-0.084791,0.70376,-0.0018,-0.0066,0.0077,0.25241,0.85818,0.00097513
2015/11/13,-2.3656,0.077703,-0.16181,1.2192,-0.4315,-0.53585,-0.0203,0.0074,0.0003,0.42026,0.64276,0.0076657
2015/11/16,0.21668,0.02826,-0.069995,0.22671,-0.66398,0.53359,0.0142,-0.0125,0.0151,0.2134,0.47846,0.025013
2015/11/17,1.3216,0.49952,0.095061,-0.44395,0.05344,0.99004,-0.0046,0.0116,0.0005,-0.19076,0.068601,0.0082507
2015/11/18,-1.0811,0.39209,0.035569,1.3695,0.16992,-0.73753,-0.015,0.0108,-0.0049,-0.40231,1.1257,-0.0048451
2015/11/19,0.43478,-0.156,0.1287,2.0242,-0.1179,-0.1878,0.0227,-0.0162,0.0126,-0.13718,0.95718,-0.0049432
2015/11/20,1.6393,-0.095441,0.12535,1.0949,-0.048827,0.23352,0.0082,-0.0062,0.0131,0.064957,0.89624,0.0065214
2015/11/23,-0.75758,0.21972,-0.032597,0.61611,-0.31677,0.45294,-0.007,0.0061,0.0015,-0.13045,0.85154,0.006612
2015/11/24,-1.3978,0.18373,-0.090763,0.75389,-0.52991,1.0088,0.0074,-0.0068,0.0114,-0.30758,0.60303,-0.00027392
2015/11/25,0.65431,0.30527,0.34248,0.95344,-0.54659,0.18393,0.0142,-0.0109,0.0119,-0.18617,0.73472,-0.00013893
2015/11/26,0.10905,0.70452,1.1061,1.2592,0.28128,-0.22833,-0.0058,0.0036,0.0032,0.17265,1.011,0.0016489
2015/11/27,-5.8505,1.1432,0.29207,2.081,0.69952,0.767,-0.0627,-0.0033,-0.0038,0.34827,1.1198,0.00046175
2015/11/30,-5.9913,1.166,-0.2817,-0.024652,-0.27212,0.88425,0.0057,-0.0009,0.0096,0.18913,0.62493,-0.0083398
2015/12/01,0.69045,1.4113,0.087886,-1.7331,0.36341,0.70227,0.0007,0.0139,-0.0052,-0.26237,1.0708,-0.014446
2015/12/02,3.2445,0.57276,-0.074428,0.80106,0.43653,-0.64476,0.0124,0.0226,-0.0259,0.24783,-0.043561,0.018972
2015/12/03,2.2857,-0.14252,-0.24578,1.732,-0.28515,0.080746,0.0199,-0.0107,0.0147,0.35296,0.011267,0.00095176
2015/12/04,-0.56117,-0.19359,-0.018784,0.8958,-0.1958,0.64215,-0.0127,-0.008,0.0144,0.076436,0.39338,0.00042493
2015/12/07,0,-0.068317,0.059715,1.328,0.29763,-0.29608,0.0077,-0.0074,0.0096,0.15508,-0.18875,0.0076201
2015/12/08,-1.2415,0.36947,-0.03517,1.3188,0.74513,0.9077,-0.02,-0.0065,0.0062,0.0095759,0.0092005,0.0058096
2015/12/09,-2.1229,0.33785,0.04216,0.33075,0.21833,0.40014,-0.0012,0.0007,-0.0017,-0.23206,0.15658,0.0011249
2015/12/10,-0.45714,0.24706,-0.11437,-0.40455,-0.1766,0.54411,-0.0036,-0.0094,0.0001,0.23455,0.3651,0.10544
2015/12/11,1.3699,0.39213,-0.17292,0.17859,-0.27911,-0.0226,-0.0072,0.0031,-0.0026,0.77696,-0.04498,0.22485
2015/12/14,7.8071,0.077141,-0.0097461,0.89988,-0.30338,0.54715,0.0245,0.0082,-0.0019,0.19858,0.76826,0.016602
2015/12/15,4.955,-0.09722,0.032646,1.027,-0.17596,0.60803,0.0034,-0.0124,0.0125,-0.042878,0.81278,-0.011142
2015/12/16,0.31949,0.14049,0.0086463,0.73059,-0.21673,0.5376,0.0042,-0.0037,0.0089,-0.17847,0.27677,0.031698
2015/12/17,2.2532,0.26625,0.0033181,1.0159,-0.11763,-0.040582,0.0237,-0.0028,0.0111,0.31732,0.20059,0.011273
2015/12/18,0.42463,0.46351,-0.044583,0.51185,0.1886,0.91269,-0.0013,0.0003,0.0007,0.31111,0.23988,-0.011154
2015/12/21,0.94439,0.56622,-0.26393,0.3371,-0.074432,1.2743,0.0152,0.0071,-0.0092,-0.061873,-0.12131,-0.010725
2015/12/22,1.9027,0.4095,-0.20619,0.20657,0.024636,1.0177,0.0058,-0.0024,0.0058,0.014858,-0.011667,0.00027892
2015/12/23,-0.8316,-0.072441,0.15299,-0.23869,-0.034846,0.82579,-0.0082,0.0096,-0.0043,0.11732,-0.098214,-0.0028448
2015/12/24,-1.556,-0.46418,0.13567,0.28614,-0.148,0.10142,-0.0048,-0.0072,0.008,0.10816,0.25873,-0.010201
2015/12/25,-0.52411,-0.35246,-0.026729,0.32322,0.035993,-0.39856,0.0051,0.0014,0.0092,0.018062,0.19499,-0.0010467
2015/12/28,-2.1075,-0.010635,-0.012466,0.37342,-0.07943,-0.404,-0.0255,-0.0052,0.0008,0.13871,0.37869,0.0046242
2015/12/29,-1.3699,0.27714,-0.028748,0.13262,-0.56785,0.50426,0.0096,0.0015,0.0065,0.18392,0.096834,0.00058507
2015/12/30,0.53821,0.10637,0.043516,-0.19696,-0.026927,0.62893,0.0061,-0.0089,0.0095,-0.18237,0.90339,-0.0017097
2015/12/31,-1.2821,0.15401,0.12968,-0.078324,0.84199,0.67326,-0.0142,0.0025,-0.0031,0.081914,1.1054,-0.0019392
2016/01/04,-8.03,0.16018,0.15354,0.16935,1.169,3.2169,-0.0797,0.0067,-0.0105,0.18624,1.3589,-0.017234
2016/01/05,-6.6017,-0.15992,0.02871,1.5235,0.3231,-2.4908,-0.0103,0.0142,-0.0165,-0.0091117,0.52581,0.0017729
2016/01/06,3.376,-0.11341,0.16147,0.72832,0.47524,-0.1098,0.0259,0.0075,0.0057,-0.22066,0.8944,0.0038962
2016/01/07,-2.8969,0.24617,0.36909,0.81368,1.1548,2.06,-0.081,0.0059,-0.0085,-0.24371,0.79636,0.011774
2016/01/08,-3.2658,-0.032479,0.41803,0.77664,0.8167,-0.66505,0.0169,0.0209,-0.0105,-1.5328,0.14341,0.01782
2016/01/11,-3.4606,0.080457,0.30051,0.27876,0.94278,0.071411,-0.0632,0.0154,-0.0195,-0.61714,0.20353,-0.064514
2016/01/12,-5.9371,0.65106,0.088746,-0.77145,0.24351,0.72023,0.0031,0.0005,-0.0119,-0.29685,-0.25345,-0.0084386
2016/01/13,-3.7083,0.21966,-0.13645,0.47471,-0.32153,-1.3289,-0.0311,0.0123,-0.0143,0.083015,0.36524,-0.010971
2016/01/14,-0.12376,0.18008,-0.16043,1.104,-0.16594,-1.2468,0.0298,-0.0167,0.0084,0.20867,0.17646,-0.015162
2016/01/15,-1.027,0.092598,-0.051854,0.85442,0.0057205,-0.8407,-0.0378,-0.0058,-0.0024,0.15218,0.22609,0.17414
2016/01/18,-3.0979,0.019806,-0.010946,0.96333,-0.34018,-0.0080694,0.0116,-0.014,0.0143,0.34951,0.29158,0.023456
2016/01/19,5.3178,0.068651,-0.023279,0.74989,-0.21138,-0.70185,0.0366,-0.0022,0.0086,0.051914,0.17875,0.010619
2016/01/20,3.0691,0.075561,0.15429,-0.35239,-0.029139,0.36152,-0.0112,0.0022,0.0083,-0.24339,-0.18849,-0.049114
2016/01/21,-4.6798,0.28449,0.063406,0.62292,-0.25585,-0.99441,-0.0387,0.0072,-0.0074,0.03992,0.3164,0.05572
2016/01/22,-2.4814,-0.041804,0.068954,0.95278,-0.4522,0.21423,0.0145,-0.0017,0.0053,0.33563,0.13322,0.0010206
2016/01/25,3.876,0.022163,0.017579,0.83122,0.037698,-1.3363,0.0093,-0.0003,0.0085,0.61552,0.67932,0.02575
2016/01/26,-5.8524,0.23678,-0.010858,1.2326,1.0164,0.86537,-0.0728,0.0058,-0.0078,1.0975,0.37393,0.029339
2016/01/27,-8.9552,0.54539,-0.064446,0.19735,1.0169,0.50309,-0.0072,0.0041,-0.0083,0.63311,0.43051,-0.016753
2016/01/28,-6.4865,0.37017,-0.10917,-0.26505,0.089416,-1.4807,-0.0379,0.0123,-0.0155,-0.46251,0.46401,-0.0040599
2016/01/29,-1.5027,0.32004,-0.080191,0.35719,-0.32234,-1.3439,0.0366,-0.0098,0.0046,-0.25449,0.67818,-0.0024651
2016/02/01,2.7457,0.18151,-0.045577,0.53237,-0.43168,-1.1024,-0.016,-0.0048,0.0008,-0.28167,0.53587,0.035755
2016/02/02,2.2191,-0.20329,0.0027065,0.58845,-0.45585,0.27787,0.0302,-0.0119,0.0111,-0.042239,0.67139,0.0075594
2016/02/03,4.0788,-0.21211,0.053795,0.40139,-0.33542,0.64528,-0.0001,-0.0057,0.008,0.091639,0.28671,0.015409
2016/02/04,4.3419,-0.12098,0.079437,-0.10476,-0.12281,0.3198,0.0185,-0.0067,0.0091,0.17849,-0.023721,0.0064588
2016/02/05,2.8378,-0.15843,0.057936,0.21486,0.3502,0.96929,-0.0094,0.0019,-0.0021,0.2662,0.44622,0.0077854
2016/02/15,-0.78023,-0.35587,-0.057474,1.0717,-0.25217,-0.14991,-0.004,-0.0099,0.0031,-0.10729,0.45223,0.041212
2016/02/16,3.9422,-0.37556,-0.0020754,0.80678,-0.46766,0.67724,0.04,-0.0081,0.0082,-0.067129,-0.093843,-0.0034009
2016/02/17,4.8493,-0.065781,0.10431,0.69657,-0.076882,1.4239,0.0135,0.0025,0.0036,-0.32163,0.13535,0.018371
2016/02/18,1.3906,-0.092494,0.084777,0.58382,-0.098701,0.93123,-0.0026,0.0054,0.0032,-0.11565,-0.23729,0.0013423
2016/02/19,0.375,0.019276,0.00031787,0.42583,-0.3397,0.62419,0.0018,-0.0031,0.0035,-0.012439,0.68905,0.00033921
2016/02/22,2.7431,0.24898,0.12315,0.8903,-0.29444,0.028529,0.0242,0.0024,0.003,-0.32229,0.74393,0.0020068
2016/02/23,2.9888,0.3335,0.21024,0.22946,-0.22009,1.17,-0.0077,0.0024,0.0017,-0.55466,0.74477,0.010364
2016/02/24,1.2136,0.37403,0.070505,1.1602,0.71237,0.071456,0.0052,0.0099,-0.0048,-0.83906,0.36554,0.0038595
2016/02/25,-4.9577,0.28835,0.069907,1.3996,1.004,0.72552,-0.0747,0.0056,-0.0094,-1.3737,-0.52986,0.0021642
2016/02/26,-4.7962,0.73478,0.29803,-0.029913,0.78119,-0.59225,0.0053,0.0163,-0.012,-1.2091,0.29229,0.00063409
2016/02/29,-3.1807,0.51666,0.10585,0.077678,0.22115,-1.7965,-0.0437,0.0293,-0.0259,-0.33527,0.20296,-0.0050626
2016/03/01,-2.1411,0.14947,0.012661,0.24955,-0.72449,-0.3426,0.0216,-0.0001,0.0008,-0.043181,0.066761,-9.7379e-05
2016/03/02,7.6216,-0.031767,0.032809,0.35037,-0.75013,-0.48697,0.0491,0.0007,0.0039,-0.17182,0.32162,0.030415
2016/03/03,5.9202,0.54589,0.1421,-0.17935,0.78997,-0.2495,0.0015,-0.0018,-0.0006,-0.15335,0.024841,0.0093941
2016/03/04,-0.9768,0.21693,0.05736,0.13875,0.23172,-0.90087,-0.0107,0.0254,-0.0292,0.10767,0.70208,0.01123
2016/03/07,0.48603,-0.39673,-0.035034,0.6802,-0.8286,0.012479,0.0146,-0.0059,0.0143,0.16041,0.17972,0.024147
2016/03/08,1.8496,0.23317,-6.2975e-05,-0.24223,0.32893,0.98634,0.0032,-0.0078,0.0097,-0.15657,0.17905,-0.0034939
2016/03/09,-2.9021,0.51601,-0.16291,-0.018775,0.24796,0.086967,-0.0185,-0.0054,-0.0021,-0.31783,0.23335,-0.0030923
2016/03/10,-4.8426,0.40838,-0.20465,0.023112,-0.15351,0.03019,-0.0196,-0.0013,-0.0009,-0.20608,0.13271,-0.037846
2016/03/11,-2.3661,0.11953,-0.1724,0.48834,-0.5125,0.21466,0.0002,0.0043,-0.0029,0.10512,0.05837,-0.0040749
2016/03/14,3.0534,0.16538,-0.048599,0.49595,-0.14009,-0.043787,0.0274,-0.0127,0.0132,0.17211,0.12263,-0.0067997
2016/03/15,2.2959,0.5916,0.2508,-0.015809,0.66698,0.65106,-0.0033,0.0041,-0.0018,0.12492,0.11526,-0.002278
2016/03/16,-2.2222,0.22938,0.0078147,0.76382,0.074596,0.29236,-0.0034,0.0059,-0.0039,0.0063124,0.5183,-0.0078539
2016/03/17,1.6209,-0.39739,-0.22832,1.3408,-1.0794,0.64752,0.0239,-0.0184,0.0137,0.084472,0.41918,-0.073628
2016/03/18,6.8182,-0.37468,-0.085626,1.171,-0.86932,0.84344,0.0278,-0.0161,0.0129,0.12391,0.07269,-0.16584
2016/03/21,6.135,-0.014921,0.043893,1.0124,-0.26514,0.18822,0.0258,-0.0072,0.0073,-0.355,0.10374,0.05662
2016/03/22,1.6548,0.072846,0.10149,0.89838,-0.1412,0.83321,-0.0054,-0.0031,0.0041,-0.19182,-0.24554,0.0045075
2016/03/23,0.57803,0.1641,-0.11136,1.3004,0.055998,0.21208,0.0076,-0.0071,0.0063,0.17916,-0.13355,0.0064006
2016/03/24,-0.46512,0.18909,0.010334,0.68208,0.006678,0.39335,-0.0166,0.0019,0.002,0.18196,-0.36252,0.0072551
2016/03/25,-1.0345,0.095825,0.0073215,0.088549,-0.2944,0.4727,0.0061,0.0003,0.0026,0.20899,0.18405,0.0021039
2016/03/28,0.35047,0.19341,0.0048338,-0.058469,0.2082,0.68164,-0.0071,0.0004,0.0015,0.15492,0.057755,0.0047142
2016/03/29,-1.5099,0.12407,-0.12843,1.2085,-0.018642,-0.70921,-0.0166,0.0077,-0.0054,-0.012085,0.11378,0.015917
2016/03/30,0.8149,0.079496,-0.089583,1.0511,-0.19679,-0.14039,0.0342,-0.0087,0.0092,0.064147,0.44559,-0.0087188
2016/03/31,2.2406,0.3176,0.0039596,-0.053352,0.17427,1.0394,0.002,0.0017,0.0033,0.20306,0.048102,0.00048535
2016/04/01,0.46189,0.18586,-0.039799,0.74801,0.040942,0.2155,-0.0015,0.0106,-0.001,0.20613,-0.30237,0.00070414
2016/04/05,1.4994,-0.010352,-0.035697,0.97391,-0.34925,0.37352,0.0213,-0.0107,0.0095,0.25713,0.10025,0.00273
2016/04/06,1.0345,0.15217,0.075255,0.59598,0.12802,0.69508,0.0021,-0.0045,0.0047,0.18741,0.1569,0.00060563
2016/04/07,-1.25,0.22987,0.10009,0.43322,0.25162,1.064,-0.0161,0.004,0.0013,-0.20388,-0.35222,-0.0056685
2016/04/08,-1.8203,-0.05751,-0.022523,0.40961,-0.28381,0.050289,-0.0087,-0.0026,0.0012,-0.23058,0.24217,-0.0037717
2016/04/11,0.57537,-0.2717,0.022915,0.29466,-0.26515,0.24533,0.0196,-0.0017,0.0031,-0.60923,-0.20512,-0.0066685
2016/04/12,0.927,-0.072364,0.068205,0.60514,0.012296,-0.037646,-0.0064,0.0035,-0.0023,-0.46746,0.40741,-0.0098526
2016/04/13,1.0297,0.14786,-0.077397,0.45903,-0.19974,0.93,0.0153,0.0004,0.0002,-0.098034,0.21172,0.00022964
2016/04/14,1.837,0.099304,-0.062132,0.17241,-0.22352,0.6815,0.008,-0.0041,0.0063,0.28499,0.22348,0.0082926
2016/04/15,0.11325,-0.023051,0.15464,0.69139,0.28917,0.61615,-0.0018,-0.0022,0.0079,0.47005,-0.13203,-0.0017716
2016/04/18,-1.5784,0.010993,0.13506,0.8993,0.19571,0.10943,-0.015,0.0017,0.0059,0.11402,0.027622,-0.0025752
2016/04/19,-1.1312,0.31371,0.16706,0.60189,0.22653,-1.5351,0.0032,-0.0004,0.0022,0.37742,0.33561,0.0037554
2016/04/20,-1.9473,0.31609,0.40972,0.1495,0.80807,-0.34201,-0.0354,0.0155,-0.0164,0.27073,0.64892,-0.005455
2016/04/21,-2.8604,0.045346,0.11581,-0.22002,-0.1307,0.25303,-0.0099,0.0081,-0.0065,-0.10045,0.61875,-0.0096368
2016/04/22,-0.58411,0.24781,0.047138,0.16365,-0.085252,0.28985,0.0062,-0.0093,0.0061,-0.22239,0.37862,-0.00076282
2016/04/25,-0.35336,0.16862,0.066972,0.46146,-0.13102,0.29594,-0.0045,0.0041,0.0014,-0.092392,0.65872,-0.0023328
2016/04/26,0,0.19091,-0.0096445,0.29373,-0.013882,0.4336,0.0094,-0.0038,0.0073,0.13302,0.79048,0.0024077
2016/04/27,0,0.095305,0.13104,-0.1619,0.21944,0.95298,-0.0036,-0.0013,0.003,0.033942,0.8295,-0.00073668
2016/04/28,-1.1751,-0.030682,0.10458,0.16039,0.03563,0.51686,-0.0022,-0.003,0.0015,-0.13648,0.73282,0.000917
2016/04/29,-0.35461,-0.019075,0.016554,0.81565,-0.22787,0.14419,-0.0016,-0.0003,0.0011,-0.048093,-0.45654,0.012962
2016/05/03,2.7348,0.057621,-0.016569,1.1001,-0.23131,0.23915,0.0252,-0.0102,0.0045,-0.22361,-0.72472,0.0033183
2016/05/04,2.6097,0.02272,-0.037502,0.8325,-0.093539,0.90947,-0.0004,0.0017,0.0022,-0.30502,0.31583,-0.0033679
2016/05/05,0.5787,0.069292,-0.03451,1.0434,0.24996,-0.54903,0.0048,-0.004,0.0042,-0.14329,-0.32686,0.0061186
2016/05/06,-2.8902,0.37932,-0.077409,-0.13669,0.90736,0.63702,-0.0344,0.0094,-0.0108,-0.7917,-0.11542,0.0031589
2016/05/09,-6.3291,0.1358,0.12344,0.072546,0.38385,-1.2672,-0.034,0.0044,-0.0186,-0.11593,0.31206,-0.030962
2016/05/10,-3.2143,0.42082,0.1565,-0.48722,0.24516,0.050161,-0.0005,0.0026,-0.0064,-0.060503,0.819,-0.0027598
2016/05/11,-0.7371,0.57035,0.024722,0.034756,0.35169,0.55206,-0.002,0.0066,-0.0143,0.12221,0.7939,-0.0033429
2016/05/12,-0.73801,0.30492,-0.06465,0.68358,0.084981,0.54055,-0.0004,0.0027,-0.0037,0.087282,0.80921,0.00023635
2016/05/13,-0.86634,0.13147,-0.052808,0.84175,-0.23784,0.52063,-0.0033,0.0022,0.0023,0.11831,0.78181,-0.0020781
2016/05/16,0.37175,-0.21985,-0.16689,0.67321,-0.081793,0.27873,0.0135,-0.0073,0.0106,-0.14631,0.74747,0.013433
2016/05/17,1.3733,0.17849,-0.17865,0.31501,0.68901,0.18283,-0.0014,-0.0061,-0.0007,0.08201,0.91966,-0.010239
2016/05/18,-1.8519,0.026776,-0.095977,0.73306,0.45473,-0.28939,-0.0205,0.0097,-0.0174,0.04952,0.76599,0.046191
2016/05/19,-1.4778,-0.23239,-0.077277,0.30205,-0.45195,1.0814,0.0025,-0.0045,0.0055,-0.049856,0.58267,0.0049149
2016/05/20,1.761,-0.10713,-0.022681,0.42884,-0.39229,0.89721,0.0091,-0.0038,0.0025,0.29314,0.66113,0.0076102
2016/05/23,2.25,-0.025265,0.10783,0.33503,0.067894,0.46701,0.011,-0.0052,0.0112,-0.12517,0.76494,0.01218
2016/05/24,0.24722,0.056212,0.0069773,-0.17394,0.082428,0.51927,-0.0091,0.0012,-0.001,-0.026267,0.845,0.017064
2016/05/25,-1.2225,-0.024759,-0.10067,0.57482,-0.18937,0.21428,-0.0026,0.0025,0.0007,0.12739,0.62496,-0.0084356
2016/05/26,0.24661,-0.052261,-0.022652,0.25614,-0.14231,0.63707,0.0039,-0.0019,0.0022,-0.048853,0.22689,-0.017118
2016/05/27,0.74257,0.10555,-0.030893,-0.53519,0.045787,0.51121,-0.0009,0.0002,0.0007,0.052914,0.48856,0.00057869
2016/05/30,-0.123,-0.0073411,-0.16753,0.43942,-0.18284,-0.27382,-0.0019,0.0011,-0.0014,0.10925,0.27707,-8.5487e-06
2016/05/31,3.4398,-0.19042,-0.097535,1.2332,-0.27477,-0.029757,0.0396,-0.011,0.0059,-0.058377,0.015091,-0.0041238
2016/06/01,3.9409,-0.12009,-0.0091011,1.0541,-0.049769,1.1079,0.003,-0.005,0.0076,-0.0572,0.02439,-0.0011486
2016/06/02,0.83135,0.17038,-0.008941,0.39231,-0.035338,1.1037,0.007,-0.0008,0.0061,-0.0221,-0.13456,0.0032058
2016/06/03,1.1848,0.25121,0.070083,0.12432,0.16879,0.96306,0.0053,-0.0037,-0.0042,-0.18536,-0.16064,0.0067064
2016/06/06,0.70671,0.24656,-0.019055,0.44688,-0.029801,0.82905,0.0007,-0.0005,0.0055,0.065636,0.11082,0.003393
2016/06/07,0,0.097937,-0.073726,0.0024256,0.066042,0.91678,0.0016,0.0001,0.0031,0.048869,0.46118,-0.0012186
2016/06/08,-0.35088,0.17425,0.014054,0.058433,0.60693,-0.63714,-0.0029,0,0.002,0.28706,0.043817,-0.0010285
2016/06/13,-3.0445,0.22016,-0.043438,0.015898,0.32674,-0.7923,-0.0418,0.0122,-0.0132,0.41113,-0.0056814,0.0016365
2016/06/14,-2.5822,0.041595,-0.11182,1.0457,-0.47982,0.10656,0.0033,-0.0014,0.0023,0.043275,-0.007739,0.00033808
2016/06/15,2.4155,0.15413,-0.0091758,1.6612,-0.48708,-0.25273,0.0244,-0.0095,0.0155,-0.099147,0.70906,-0.00066788
2016/06/16,1.9277,0.028329,0.019305,0.00072754,-0.20335,1.0258,-0.0038,-0.0006,0.0081,-0.11054,0.79125,0.052982
2016/06/17,0.23585,0.34131,-0.056455,0.038909,-0.2239,0.8144,0.0068,-0.0011,-0.0005,-0.10463,0.75584,-0.00028526
2016/06/20,0.94563,0.45364,-0.020419,-0.023565,-0.034534,0.77302,0.003,-0.0022,0.0014,-0.15353,0.75912,0.0046343
2016/06/21,-0.35294,0.14967,-0.11006,0.20378,-0.32281,-0.068403,-0.007,0.0037,-0.0042,-0.028373,0.7445,-0.0073809
2016/06/22,0.70258,0.045997,-0.056178,0.49673,-0.30516,0.13841,0.0136,-0.0074,0.0052,0.02659,1.0076,-0.017996
2016/06/23,1.2987,0.20372,0.085606,0.5006,0.15746,0.7967,-0.0038,-0.0028,-0.0005,-0.024713,1.2378,-0.00179
2016/06/24,-1.3953,0.033769,0.022639,1.2981,0.013936,0.22044,-0.0101,-0.0018,0.0041,-0.033866,1.1123,-0.0026962
2016/06/27,0.81585,-0.096232,-0.061389,0.69353,-0.4034,0.75787,0.0203,-0.0079,0.0046,0.1523,1.0079,-0.001246
2016/06/28,2.7123,-0.07305,0.20879,0.1805,-0.064342,1.1383,0.0093,-0.0047,0.0049,0.012144,1.0442,0.0027058
2016/06/29,0.92486,0.071545,0.095159,-0.39247,-0.05631,1.0563,0.0046,0.0031,-0.0006,0.20333,0.6788,-0.047699
2016/06/30,0.22962,0.25556,-0.013021,-0.34707,-0.16216,0.77826,-0.0001,-0.002,-0.0009,0.26973,0.90158,-0.00071288
2016/07/01,0,0.22612,0.012274,0.35491,-0.24376,0.31046,-0.0001,0.0044,-0.0004,0.38646,0.71307,-5.4035e-05
2016/07/04,2.7491,-0.040426,0.042353,0.44629,-0.29832,0.31439,0.0187,0.0009,-0.0015,0.27465,0.70394,-7.9939e-05
2016/07/05,3.551,0.035073,0.027355,0.13582,-0.27702,1.3168,0.0046,0.0055,0.0017,0.15986,0.79879,0.0091064
2016/07/06,1.1148,-0.1027,0.048248,0.10036,-0.03676,1.2189,0.0042,0.0011,0.0004,0.32346,0.82793,0.010512
2016/07/07,0.33186,0.13137,-0.011283,0.38633,0.018543,0.74815,0.0012,0.0056,0.0004,0.12828,0.84259,0.0018482
2016/07/08,-0.22051,0.36739,-0.010148,0.40746,-0.00946,0.97663,-0.0042,-0.0055,0.0033,-0.062006,0.27151,0.00070005
2016/07/11,-0.11025,0.34576,0.077276,0.27465,0.28611,0.73308,-0.0013,0.0086,-0.0059,-0.062036,-0.40835,0.0070322
2016/07/12,1.547,0.11056,0.14493,-0.39071,-0.10584,1.1364,0.0163,0.0089,-0.0067,0.1457,0.14614,0.00094559
2016/07/13,2.4283,0.076149,0.020703,0.606,-0.2384,0.82243,0.0069,-0.0049,0.0018,-0.013906,-0.17426,0.0092932
2016/07/14,0.97933,0.21392,-0.010875,0.30736,0.066605,0.78867,-0.0004,-0.0049,0.0032,0.012839,-0.095337,-0.010411
2016/07/15,-0.21552,0.47249,0.090144,0.60101,0.37933,0.46496,-0.0012,0.0056,-0.0021,0.025443,-0.13004,-0.0023361
2016/07/18,-0.53879,0.12977,-0.0016882,0.67406,-0.10008,0.40945,-0.0045,-0.0014,0.0004,-0.096504,0.18231,-0.0021964
2016/07/19,-0.10799,0.036534,-0.047234,0.50853,-0.29617,0.42187,0.0006,-0.0061,0.0068,0.038861,-0.17578,-0.0005898
2016/07/20,0.32503,0.25021,0.00063986,0.0097091,0.083753,0.84475,-0.0013,-0.0025,0.0034,-0.21221,0.0061059,-0.0069415
2016/07/21,0.32432,0.047808,-0.01251,0.4376,0.12024,0.58549,0.0026,0.0015,-0.001,0.020697,0.50817,0.00050508
2016/07/22,-0.53996,-0.031999,0.071509,0.61799,0.0010058,0.50966,-0.0094,-0.0015,-0.0002,0.091137,0.1917,-0.001287
2016/07/25,-0.64655,0.10095,0.12607,0.15994,-0.15577,0.49455,0.0008,0.0038,0.0019,0.034297,0.10332,0.0014338
2016/07/26,0.86862,0.31332,0.05731,0.36373,0.2919,-1.7585,0.0126,0.0011,-0.0001,-0.10262,0.063046,0.0032034
2016/07/27,-1.41,0.94002,0.11367,-0.091393,0.89931,-0.21467,-0.0325,0.0219,-0.0173,0.20928,0.19086,-0.029048
2016/07/28,-2.0452,0.63748,0.058753,-0.38747,-0.015997,0.67621,-0.0004,0.0143,-0.0034,-0.12149,0.15324,0.00074334
2016/07/29,-0.55006,0.18736,0.016637,-0.21176,0.10766,-0.041951,-0.0053,0.002,-0.0005,-0.035366,0.16192,-0.00058479
2016/08/01,-1.0989,0.12931,0.053747,0.52397,-0.045008,-0.80956,-0.0122,0.0045,-0.0049,0.12656,0.40132,-0.0094783
2016/08/02,0.33186,0.13021,0.091274,0.75282,-0.17534,0.67025,0.0069,-0.0003,0.0042,0.021816,-0.22758,-0.00013683
2016/08/03,1,-0.041356,0.03823,0.44512,-0.139,0.91605,0.0036,0.0046,0.0045,0.048882,0.17182,0.001672
2016/08/04,0.55127,-0.016273,0.014468,0.16269,0.12861,0.45038,0.0044,-0.0062,0.0011,0.29121,0.097655,0.0019562
2016/08/05,-0.11001,0.023277,0.024975,0.026202,0.063957,0.70045,-0.0025,0.0058,-0.0004,-0.031301,0.082516,-0.011438
2016/08/08,0.76754,-0.050791,-0.045488,0.3478,-0.054122,0.67487,0.0102,0.0036,0.0005,-0.053608,-0.074266,-0.0068088
2016/08/09,1.9824,-0.13903,0.007639,0.41792,0.097201,0.63543,0.0092,-0.0045,0.002,-0.011533,-0.098173,0.0023259
2016/08/10,0.43526,-0.0050528,0.1248,0.42822,0.3457,0.38337,-0.0027,0.0003,0.0013,-0.017194,0.11447,0.00080292
2016/08/11,-1.5119,0.24748,0.12968,0.37394,0.29125,0.02247,-0.0089,0.0062,-0.0028,-0.065438,0.14804,-0.017192
2016/08/12,0.43337,0.3533,-0.03375,0.25472,0.16268,0.60094,0.0151,0.0067,-0.0002,0.10315,0.055385,-0.022971
2016/08/15,3.6184,-0.041289,-0.077257,0.58516,0.019128,-0.19041,0.0262,-0.0017,-0.0034,0.027111,0.4968,0.01266
2016/08/16,2.0496,-0.032667,-0.050917,0.038036,-0.43561,0.8863,0.0004,-0.0026,0.0059,0.090361,-0.051543,0.00050227
2016/08/17,0.10582,0.045247,-0.047857,0.22276,-0.28311,0.65626,0.0016,-0.0018,0.0039,-0.0058865,0.20749,-1.668e-05
2016/08/18,0.10571,-0.18901,-0.03137,0.20425,-0.082,1.1493,-0.001,0.0026,0.0043,0.11119,0.034325,-0.0016129
2016/08/19,0.21142,0.05459,0.080376,0.76251,0.14149,0.29466,0.0017,-0.0007,0.001,0.13056,-0.07373,0.00099452
2016/08/22,-0.95037,0.028956,0.11837,0.57811,-0.019302,-0.32199,-0.01,0.0026,-0.0006,0.081258,0.10828,0.00064421
2016/08/23,-1.0549,-0.065841,-0.051287,0.20545,-0.10402,0.38516,0.0024,-0.0002,0.0028,0.045694,-0.25136,-0.00082828
2016/08/24,0.31983,0.080524,-0.15239,0.60554,0.0073776,0.16946,0.0009,-0.0058,0.0034,-0.014555,0.55578,0.0022003
2016/08/25,-0.53305,0.028959,-0.043813,0.49011,-0.039347,0.13947,-0.0058,-0.0008,0.0028,0.011688,-0.43886,-0.0046882
2016/08/26,-0.63762,-0.0023926,0.031549,0.28389,-0.10974,0.37485,0.0014,-0.0042,0.0022,0.031689,-0.30486,0.0022318
2016/08/29,0.32154,0.030288,-0.024843,0.19706,0.03531,0.36619,0.0009,0.0003,0.0034,0.20379,0.17112,0.0014062
2016/08/30,0,0.035323,-0.012266,0.19883,0.17434,0.44106,0.0013,0.0014,-0.0006,0.11814,-0.061516,0.00093728
2016/08/31,0,-0.04221,0.026561,0.46971,0.2942,0.18559,0.0031,0.0013,-0.0001,0.005612,-0.10799,-0.0014992
2016/09/01,-0.64171,-0.0037965,-0.032495,0.46177,0.37117,0.49983,-0.0077,-0.0031,-0.0002,-0.055439,0.29132,0.016983
2016/09/02,-0.8547,0.2165,-0.01829,0.9481,0.13444,0.29175,-0.0012,0.0047,0.0001,-0.1159,-0.20333,-0.00318
2016/09/05,0.64586,0.048721,0.043612,0.50383,-0.22215,0.79228,0.003,0.0016,0.0044,0.12597,0.27577,0.017151
2016/09/06,1.4009,-0.06637,0.040636,0.65121,-0.028159,0.39283,0.0105,-0.0043,0.0031,0.10041,-0.045102,0.007818
2016/09/07,0.64171,0.002736,0.021126,0.43319,0.0059184,0.60124,-0.0006,0.0032,0.0027,0.027124,-0.22427,0.00045669
2016/09/08,0.10627,0.053022,0.041088,0.25771,0.060034,0.56215,0.0021,-0.0017,0.0061,0.13763,0.12708,0.0025479
2016/09/09,-0.42508,0.30437,0.095744,0.83916,0.72138,-0.16175,-0.0066,-0.0016,0.002,0.20226,-0.15608,0.00073305
2016/09/12,-2.2293,0.20336,0.04949,1.0899,0.23219,-0.76272,-0.0241,0.0085,-0.0065,-0.23111,0.10265,-0.0060578
2016/09/13,-1.6009,-0.068871,0.043754,0.013653,-0.20356,0.34425,0.0033,-0.001,0.0105,-0.13279,0.19685,0.0016095
2016/09/14,-0.43431,-0.063141,0.066285,0.25094,0.014593,0.16321,-0.006,-0.0008,0.0004,-0.11392,-0.078386,0.0018523
2016/09/19,0.43384,0.04603,0.0088742,0.2474,-0.11394,0.38998,0.0097,-0.0022,0.0041,0.074247,-0.027528,-0.0020799
2016/09/20,0.87241,0.028972,-0.03443,-0.28321,-0.096304,0.56246,-0.0008,0.0028,0.0036,-0.037708,0.0018012,0.00098552
2016/09/21,0,0.11519,0.022119,-0.12716,0.020906,0.79611,0.0021,-0.0009,0.0013,0.01627,0.12857,-0.00028518
2016/09/22,0.21622,0.15683,0.09154,0.53676,0.056013,0.17662,0.0062,0.0022,0.0023,0.021477,-0.060552,0.0010203
2016/09/23,0,0.04823,0.047798,0.31114,0.13602,-0.029395,-0.004,-0.0012,0,0.047223,0.50057,0.0019672
2016/09/26,-1.726,0.096315,0.012061,0.19066,-0.023809,-0.65815,-0.0201,0.0017,-0.0017,0.081563,0.31874,0.0047411
2016/09/27,-1.0799,0.15017,0.073312,0.38283,-0.024158,0.15442,0.007,-0.0008,0.0016,0.076733,0.14224,0.0098162
2016/09/28,0.21954,0.042067,0.037756,0.32645,0.12567,0.36127,-0.0027,0.0002,0.0002,0.059319,-0.16729,-0.00044094
2016/09/29,-0.10917,-0.045819,-0.043229,-0.1416,0.011709,0.7011,0.0039,0.0012,0.0014,-0.12275,0.11225,0.0001064
2016/09/30,0.32859,-0.049453,-0.017245,0.15715,-0.20364,0.53602,0.0035,-0.0022,0.0022,-0.14832,-0.03145,0.0015756
2016/10/10,1.0929,-0.089701,0.023485,0.95757,-0.03924,0.21725,0.0176,-0.0085,0.0019,-0.025057,0.1453,0.0018261
2016/10/11,1.31,-0.097256,0.02083,0.4506,0.09954,0.93552,0.0059,0.0019,0.003,0.057439,-0.01223,0.0012926
2016/10/12,0.10811,-0.11771,-0.065175,0.15768,0.054237,0.7653,-0.0004,-0.0022,0.0037,0.081678,0.036285,0.0036343
2016/10/13,0,0.14414,0.02362,0.63744,0.16462,0.45708,0.001,0.0032,0.0017,0.1365,0.034238,-0.00059299
2016/10/14,0.21598,0.23581,0.07552,0.80807,0.29411,0.32232,-0.0001,0.003,-0.0014,-0.0057498,-0.23327,0.0082038
2016/10/17,-0.64655,0.09637,0.008872,0.90388,0.17599,0.015839,-0.0084,0.003,-0.0019,0.16023,0.06655,0.00080644
2016/10/18,0.96983,0.10568,0.049677,0.91123,0.14617,0.37899,0.015,0.0031,0.0014,0.31035,-0.32871,-0.0033673
2016/10/19,1.41,0.20058,0.062799,0.02411,0.089088,1.025,-0.0004,0.0032,0.0035,0.20638,-0.074227,0.001133
2016/10/20,0.10672,0.23763,0.052691,0.011257,0.10931,0.87881,0.0016,-0.0035,0.0001,-0.10072,0.16146,0.0021246
2016/10/21,0.32086,0.14634,0.059333,0.63285,0.26053,0.64447,-0.0004,0.0071,-0.0026,0.105,0.16822,0.0039436
2016/10/24,1.1727,-0.089355,0.05935,0.36891,-0.14705,0.45608,0.011,0.0067,-0.0005,0.086526,-0.16495,-0.0076069
2016/10/25,1.4925,-0.022654,0.059989,-0.28587,-0.17304,0.83317,0.0025,0.0005,0.0047,0.062,-0.053934,0.0031649
2016/10/26,-0.10537,0.038261,-0.010383,-0.08282,-0.072878,0.61393,-0.0048,-0.001,0.0031,0.11862,0.19853,0.0030979
2016/10/27,-0.84034,0.1401,-0.11328,-0.0016911,0.14853,0.25358,-0.001,-0.0018,0.0027,0.17617,-0.0881,-0.0023841
2016/10/28,-0.94937,0.10583,-0.061673,0.067861,0.20107,0.026079,-0.005,-0.0009,-0.0033,0.12962,0.10223,-0.0079982
2016/10/31,-0.74153,0.019927,0.041038,0.55447,0.025461,-0.20119,-0.001,0.002,0.0029,-0.1091,0.028561,0.0022223
2016/11/01,0.31949,0.11606,0.017162,0.73745,0.16466,0.12023,0.0095,-0.0017,0.0064,-0.12879,0.36488,-0.0021033
2016/11/02,0,0.12442,-0.025344,0.57041,0.15825,0.59599,-0.0065,-0.001,0.006,0.069992,-0.32163,-0.00084802
2016/11/03,-0.10616,-0.10399,0.031366,0.32257,-0.00057273,0.45149,0.0074,0.0052,0.0028,0.12202,0.33905,-0.0049286
2016/11/04,0.21345,-0.07629,0.095092,0.44493,0.02054,0.55806,-0.0017,0.0014,0.0011,0.051666,0.29399,-0.0013294
2016/11/07,0.10627,0.013771,0.091627,0.64885,0.024696,0.3987,0.0014,0.0082,0.0031,0.041713,-0.54836,0.004106
2016/11/08,0.85197,-0.027386,0.078014,0.56937,0.22541,0.45463,0.0058,-0.004,0.0009,0.027973,0.078401,0.0027302
2016/11/09,-0.21231,-0.018365,0.052294,0.71807,0.19582,0.096182,-0.0063,0.0036,0.0028,-0.18007,0.01318,-0.00033857
2016/11/10,0.31679,-0.015288,0.055807,1.1965,-0.0049942,0.31482,0.0145,0.0015,0.0051,0.10177,0.57369,-0.0092997
2016/11/11,3.0851,-0.027284,0.021643,1.4682,0.12799,0.30744,0.0071,0.0076,-0.0006,-0.040357,0.14396,0.071063
2016/11/14,2.7368,-0.10766,-0.10979,0.95654,0.078536,0.22004,0.0041,-0.0001,-0.0016,0.29834,-0.05992,0.00090501
2016/11/15,0.82559,-0.085568,-0.083774,0.08359,-0.025935,0.36875,0.0017,-0.0081,0.0043,0.080431,-0.24682,0.0012313
2016/11/16,-0.10246,-0.065359,0.070018,-0.32986,0.065913,0.78932,-0.0002,-0.0044,-0.0003,0.28163,0.34757,-0.010912
2016/11/17,-0.51177,0.2846,0.10587,-0.023997,0.04024,0.61949,-0.0007,0.0081,-0.0012,0.11976,-0.22803,-0.0021716
2016/11/18,-0.82051,0.27316,0.12124,0.38841,0.031491,0.26428,-0.0037,-0.0043,0.0024,-0.0014566,0.18936,-0.0043718
2016/11/21,-0.20576,-0.12019,0.069639,0.47391,0.0037765,0.6375,0.0062,0.0045,0.0017,-0.051965,-0.27085,-0.0014913
2016/11/22,1.0341,0.080061,0.015852,0.43362,0.080937,0.48333,0.0098,0.0008,0.0023,0.17708,-0.24129,-0.012439
2016/11/23,0.61856,0.39176,0.060785,0.20589,0.2375,0.96729,-0.003,0.0006,-0.0021,-0.062352,0.11809,-0.0014399
2016/11/24,-0.51177,0.49983,0.089895,0.57798,0.27438,0.72305,-0.0016,0.0083,-0.0051,-0.30872,0.79231,-0.001129
2016/11/25,-0.20492,0.33069,0.12704,0.52843,0.29003,0.51343,0.0057,0.0008,-0.0048,0.023958,0.45138,0.0053893
2016/11/28,0.30864,0.31994,0.070387,0.88415,0.90406,-0.042509,0.0022,0.0096,-0.0058,0.34529,-0.3191,0.0012626
2016/11/29,0.10267,0.23755,-0.088887,0.20998,0.50774,0.24729,-0.0027,0.008,-0.0165,0.15467,0.25489,0.0019723
2016/11/30,-0.30769,-0.0077113,-0.058063,0.34682,0.012269,0.026541,-0.0067,-0.0108,0.0018,0.098806,0.052296,-0.0014424
2016/12/01,0.30769,0.076732,0.040544,0.16527,0.50265,0.064615,0.0072,0.008,-0.0001,0.1697,0.40694,-0.007295
2016/12/02,-0.61728,-0.067386,0.022528,0.19553,0.078848,-0.28595,-0.0129,0.0062,-0.0063,0.1579,0.033315,-0.041275
2016/12/05,-1.9427,-0.14332,-0.0084426,0.56845,-0.22155,-1.0224,-0.0106,-0.0119,0.0045,0.063845,-0.16775,0.0090938
2016/12/06,-1.2422,-0.095161,-0.013006,0.085852,-0.29116,0.54583,-0.0001,-0.001,0.0063,0.0042616,0.11185,-0.0031906
2016/12/07,0.20855,-0.039081,0.069095,0.4304,-0.04741,0.3424,0.0085,0.002,0.0069,0.011943,-0.18155,-0.007705
2016/12/08,0.10482,0.20904,0.12769,-0.1626,0.13439,0.73916,-0.004,0.0016,-0.0005,0.030136,-0.20715,-0.0027554
2016/12/09,-0.52029,0.52842,0.088031,0.26211,0.60084,-1.3357,0.0016,0.0074,-0.0019,0.18801,0.12812,-0.0048434
2016/12/12,-2.8272,0.14981,0.017087,0.5516,0.65557,-0.79704,-0.037,0.0191,-0.0145,0.076923,-0.098397,0.004838
2016/12/13,-2.5105,-0.14897,-0.029394,0.40704,-0.1656,0.25685,0.002,0.0036,0.0024,-0.14115,0.0035649,0.0061081
2016/12/14,0.10776,-0.14688,-0.12663,0.44295,-0.61676,0.046696,-0.0065,0.0021,0.0065,-0.048316,0.11339,0.0082501
2016/12/15,-0.42918,-0.16127,-0.14615,-0.11415,-0.67535,0.62432,-0.0012,-0.0092,0.0128,-0.12979,-0.051462,-0.0020318
2016/12/16,-0.21529,0.053065,-0.012366,0.16706,-0.37982,0.57954,0.0054,-0.0056,0.007,0.060261,-0.12754,-0.0011212
2016/12/19,-0.43103,0.0062478,0.029912,0.16927,-0.27921,0.48104,-0.0026,0.0063,0.0045,-0.10261,0.1432,0.0020819
2016/12/20,-0.75512,-0.084708,0.092821,-0.031458,0.04645,0.028832,-0.0034,-0.0063,0.001,-0.0093219,0.14441,-0.00078533
2016/12/21,0.21645,0.068972,0.087054,0.46633,0.055329,0.28865,0.0102,0.004,-0.0026,0.22978,0.037041,0.006858
2016/12/22,0.21739,0.00024894,0.075359,0.54573,0.16215,0.082392,-0.0001,0.0037,-0.001,0.21373,-0.14648,-0.004913
2016/12/23,-1.6199,0.065694,0.022629,0.34092,0.1563,-0.13128,-0.0106,-0.0009,-0.0051,0.017354,0.05371,-0.0034493
2016/12/26,-1.1931,0.19223,-0.041153,0.43529,-0.079913,0.15586,0.004,-0.0004,0.0022,0.24282,-0.19748,-0.010526
2016/12/27,0.10977,0.033474,0.0207,0.13073,-0.16686,0.30919,-0.0011,-0.0018,0.0078,0.17328,0.067515,0.00071014
2016/12/28,-0.10977,0.020966,0.023222,-0.26197,-0.08492,0.48139,-0.0041,0.0004,0.0009,-0.082982,0.13551,0.0021977
2016/12/29,-0.32895,0.12917,-0.013877,-0.45602,0.0039449,0.39793,-0.0025,0.0016,-0.0002,-0.1431,0.083632,-0.0010698
2016/12/30,-0.32967,0.088171,0.043724,-0.041641,-0.079302,0.10902,0.0023,0.001,-0.0022,-0.027058,-0.022507,-0.0014451
2017/01/03,0.66007,0.015861,0.088601,0.66981,-0.079599,0.32811,0.0102,0.0033,0.0037,0.087734,0.10338,-0.0053871
2017/01/04,1.9846,-0.070217,0.092123,0.35293,0.024544,0.73037,0.0097,-0.0014,0.0009,-0.023617,0.080031,0.0061841
2017/01/05,1.3115,-0.12114,0.056672,0.32482,-0.023101,0.37834,0.0004,0.0044,0.0008,-0.17612,0.050531,0.0023347
2017/01/06,-0.54054,0.043525,0.020966,0.70247,-0.19456,0.096184,-0.0061,0.0099,-0.0021,-0.20352,0.092437,0.0021247
2017/01/09,-0.53937,0.22525,0.026811,0.49759,-0.065427,0.27344,0.0046,0.0052,-0.0007,0.052611,-0.21845,0.0011035
2017/01/10,0.54348,-0.0071838,0.0079751,0.078891,0.24524,0.1054,-0.0028,0.0002,-0.0002,-0.0010927,0.057897,0.003699
2017/01/11,-0.43384,-0.14164,-0.023638,-0.0020389,0.31973,0.044025,-0.0094,-0.0022,-0.0025,-0.16081,0.10787,0.0077071
2017/01/12,-1.4054,0.23867,-0.010114,-0.50066,0.57985,-0.080129,-0.0073,0.0023,-0.0021,-0.074621,-0.05143,-0.0055635
2017/01/13,-2.1786,0.81059,0.10214,-0.41446,1.4361,-1.1497,-0.0083,0.0055,-0.0111,-0.22221,0.14218,-0.014483
2017/01/16,-3.2895,0.22276,0.23816,0.39221,0.61861,-1.5235,-0.0179,0.0248,-0.0296,0.1141,0.067003,-0.011587
2017/01/17,-1.559,-0.029872,0.18234,0.78029,0.038899,-0.1294,0.0063,-0.0058,0.0034,0.34698,0.14179,-0.01604
2017/01/18,0.22676,0.17204,-0.02477,-0.15631,0.064331,0.21783,-0.0013,0.0103,-0.0015,0.055786,0.42456,0.0022143
2017/01/19,-0.45249,0.0091035,-0.10798,-0.10111,-0.35884,-0.3137,-0.004,-0.0013,-0.0007,0.18275,0.06025,-0.0035038
2017/01/20,0.56561,-0.18468,0.0044327,-0.14346,-0.30169,0.71225,0.0111,-0.0076,0.0062,0.017119,0.070864,-0.0063544
2017/01/23,2.3864,0.089546,0.023465,0.3969,0.020407,0.36517,0.0066,-0.0009,0.0052,-0.21502,0.049404,0.0099476
2017/01/24,1.1249,0.34432,0.019583,0.0072284,0.13955,0.23127,-0.0001,0.0094,-0.0012,-0.046003,-0.046266,-0.0025764
2017/01/25,0.11099,0.23743,-0.060683,-0.12415,-0.059087,0.71764,0.0033,-0.0012,-0.0007,0.10143,-0.13907,-0.0023603
2017/01/26,1.6685,-0.033164,-0.35953,0.33663,-0.14437,0.16267,0.005,-0.004,0.0012,0.065279,-0.16441,-0.18302
2017/02/03,0.33259,0.014318,-0.52862,0.63775,-0.21328,0.19775,-0.0054,-0.0026,-0.0002,0.032323,-0.38798,0.0023748
2017/02/06,-0.65646,0.0095092,-0.26051,0.57284,-0.14711,0.40286,0.0076,-0.0032,0.007,-0.0024616,0.16948,0.0010842
2017/02/07,0,-0.11699,-0.1264,0.80969,-0.0067841,0.25771,-0.0008,0.0031,0.0061,0.026186,-0.1211,-0.0070002
2017/02/08,0.66079,-0.10004,-0.047309,0.43507,-0.16869,0.91986,0.0063,-0.0024,0.0023,0.12487,0.55048,-0.0010589
2017/02/09,1.8785,-0.10197,-0.027897,0.9176,0.18252,0.27106,0.006,0.001,0.004,-0.036933,-0.44494,0.0075843
2017/02/10,1.2035,0.024998,-0.053039,0.089293,0.16265,0.64908,0.0016,0.0158,-0.0007,-0.20574,0.42662,-0.0072407
2017/02/13,0.97614,0.12695,-0.066121,0.41532,0.07932,0.63846,0.0072,-0.0019,0.0001,0.047928,0.34223,0.00040882
2017/02/14,0.75676,0.20661,0.026039,0.38336,0.13835,0.24569,0.0001,0.0044,-0.001,-0.0354,0.085975,0.0011685
2017/02/15,-1.6112,0.088387,0.040077,0.37712,-0.023763,0.33548,-0.0049,-0.0005,-0.0032,-0.081032,0.058395,0.0019155
2017/02/16,-0.85837,-0.070508,0.027636,0.60394,0.025303,0.38164,0.0057,0.0023,0.0035,0.1865,-0.34413,-0.010863
2017/02/17,0.32751,0.14313,0.016043,0.67455,0.21753,0.21276,-0.008,-0.0022,-0.0032,0.1761,-0.41829,0.00055097
2017/02/20,0.75758,0.19404,-0.039878,0.25732,-0.1615,0.79785,0.0112,0.0117,-0.0041,-0.039702,0.058483,0.0024098
2017/02/21,1.8498,0.14951,0.042198,0.53964,-0.16365,0.99627,0.0068,-0.0043,0.0017,-0.071136,-0.0095733,0.0011015
2017/02/22,0.9667,0.17283,0.022761,0.12846,-0.080513,0.93588,0.0036,0.0038,0.0016,-0.021848,-0.30972,0.0025819
2017/02/23,-0.10684,0.04534,-0.0338,-0.021522,-0.092615,0.67945,-0.0013,-0.0103,-0.0024,-0.032565,0.24869,0.0014461
2017/02/24,-0.74468,0.10721,-0.011578,0.32151,-0.011574,0.27111,0.0024,-0.0066,0.0005,0.085786,-0.021344,-0.0022552
2017/02/27,-1.4973,0.17264,0.012283,0.63783,-0.0028229,-0.023235,-0.0072,-0.0055,-0.0017,0.21419,0.032176,-0.0022695
2017/02/28,-0.64309,-0.03956,0.018279,0.68477,0.052999,0.39057,0.0053,0.002,0.0007,0.1039,-0.10647,-0.0047856
2017/03/01,1.0858,-0.021051,-0.00053839,0.31685,0.015246,0.49796,0.0026,0.0004,0.0019,-0.058862,0.12153,-0.0051783
2017/03/02,-0.32362,0.25133,-0.013806,0.27662,-0.12734,0.40055,-0.0056,-0.0009,-0.0036,-0.12345,0.34134,0.010245
2017/03/03,-0.75188,0.16305,-0.083037,0.84927,-0.21068,0.11756,-0.0012,-0.0074,-0.0007,-0.50565,0.22506,-0.0018434
2017/03/06,0.54113,0.043912,-0.038402,0.33717,-0.026775,0.68215,0.0083,-0.0043,0.003,-0.38574,-0.098749,0.001492
2017/03/07,0,-0.074783,-0.011117,-0.018036,0.20075,0.42662,0.0029,-0.0047,0.0005,-0.29173,-0.016389,-0.0094917
2017/03/08,-0.43057,-0.095691,-0.018626,-0.20616,0.22909,0.4263,-0.002,0.0039,-0.0005,-0.12385,0.079709,-0.0017356
2017/03/09,-1.2987,0.18685,0.024246,0.35399,0.20349,0.42609,-0.0077,-0.0061,0.0005,0.03545,0.092947,0.004254
2017/03/10,-1.9459,0.36349,0.049281,0.62055,0.0439,0.48453,0.0002,0.0002,-0.0015,-0.0022219,0.25288,-0.0059317
2017/03/13,0.10965,0.16338,0.020368,0.4236,0.24474,0.34633,0.0082,0.0009,-0.004,-0.16945,-0.25772,-0.005839
2017/03/14,0.44101,0.1385,0.031457,0.17259,0.32321,0.27094,-0.0002,0.0028,0.0015,-0.20565,0.21638,-0.0018021
2017/03/15,-0.32859,0.052985,-0.041539,0.4235,-0.011935,0.32152,0.0004,0.0031,-0.0029,-0.14637,0.044515,-0.00017493
2017/03/16,1.3172,-0.072146,-0.013832,0.62021,-0.0979,0.012919,0.0094,-0.0007,0.0051,-0.4671,0.15001,0.0096933
2017/03/17,0,0.14692,0.07216,0.76321,0.1204,0.30631,-0.0094,-0.0037,0.0028,-0.4583,-0.045294,-0.0018969
2017/03/20,-1.3001,0.39979,0.064863,0.25235,0.2664,0.37854,0.0039,0.0041,0.0001,0.061176,0.17725,-0.00035746
2017/03/21,0.32967,0.32164,0.014136,0.05716,0.4918,0.37616,0.0038,0.0031,-0.0045,0.31036,0.10017,0.00077197
2017/03/22,-0.21954,0.11471,-0.071237,0.93833,0.36252,0.14709,-0.0042,0.0019,-0.0038,0.04265,-0.11352,-0.0018045
2017/03/23,-0.43812,0.028725,-0.19197,0.72999,0.27145,0.52579,0.0009,0.0013,-0.0015,-0.40265,0.027786,-0.0012437
2017/03/24,1.4301,0.056713,-0.16254,0.49382,0.21059,0.21729,0.0057,0.0047,-0.0029,-0.6852,-0.2001,-0.0084917
2017/03/27,1.1001,-0.0046585,-0.046902,0.35579,0.090593,0.38869,-0.002,-0.0013,0.0033,-0.5018,0.28192,-0.011748
2017/03/28,-0.86768,-0.069757,-0.041227,0.73792,0.45862,0.20147,-0.0036,-0.0026,-0.0004,-0.3115,0.33703,-0.0045372
2017/03/29,-0.21763,0.1766,-0.073271,0.91319,0.54161,-0.37335,-0.0052,0.0104,-0.0046,0.06997,-0.18428,0.0071339
2017/03/30,-1.0941,0.24098,0.067633,-0.1612,0.21783,-0.34819,-0.0145,0.0109,-0.0104,0.48468,-0.12632,0.0023428
